,kepler_id,quarter,time_start_index,time_end_index,flare_start_time,flare_end_time,flare_peak_index,flare_peak_time,energy,excluded,Teff,Radius,logg,Prot,flare_amp,flare_duration,time_start_BJD,time_end_BJD,flare_peak_BJD
3,6610891,1,1167,1170,155.6045261613108,155.66582914700848,1168,155.62496052336064,1.6694845250708466e+34,False,5912,1.008,4.416,,0.0024034183421001885,0.06130298569769366,54988.60452616131,54988.66582914701,54988.62496052336
28,6610891,14,3815,3818,1361.9846141780363,1362.0459135952551,3816,1362.0050473174997,1.6224813425169836e+34,False,5912,1.008,4.416,,0.002790491773291166,0.061299417218833696,56194.984614178036,56195.045913595255,56195.0050473175
31,6610891,15,4228,4231,1468.3167622570472,1468.3780609578462,4229,1468.3371950570436,3.1784544502835e+34,False,5912,1.008,4.416,,0.002678319696502755,0.06129870079894317,56301.31676225705,56301.378060957846,56301.33719505704
33,6610891,17,304,307,1565.6013052717099,1565.6626082540315,305,1565.6217395989588,1.6874987238342872e+34,False,5912,1.008,4.416,,0.0024293520230855505,0.061302982321649324,56398.60130527171,56398.66260825403,56398.62173959896
45,6611563,6,2467,2470,591.168308068176,591.2296086667775,2468,591.188741601356,2.666312298898802e+34,False,5345,0.733,4.615,,0.004684319356503397,0.061300598601519596,55424.168308068176,55424.22960866678,55424.188741601356
56,6611563,14,722,729,1289.2407305183733,1289.3837696293413,723,1289.2611645920624,4.191884347283336e+34,False,5345,0.733,4.615,,0.007840809904003194,0.14303911096794764,56122.24073051837,56122.38376962934,56122.26116459206
63,6613812,2,1461,1464,202.13295145062148,202.1942529169828,1462,202.15338537297794,4.843858650973257e+34,False,5970,0.9079999999999999,4.521,,0.00492811058279948,0.061301466361328494,55035.13295145062,55035.19425291698,55035.15338537298
96,6630715,4,3066,3069,420.74663321127446,420.80793482094305,3067,420.76706708077836,3.5568916413106294e+34,False,5463,1.077,4.314,,0.004236617477874112,0.06130160966858966,55253.746633211274,55253.80793482094,55253.76706708078
121,6630715,14,2808,2811,1341.1836698121915,1341.2449704641112,2809,1341.2041033630667,2.0304561760353735e+34,False,5463,1.077,4.314,,0.0027034533861566333,0.06130065191973699,56174.18366981219,56174.24497046411,56174.20410336307
124,6836589,2,1299,1304,198.76127471503423,198.8634424905831,1300,198.78170837079233,5.2436175550448394e+35,False,5641,1.14,4.252,,0.07522221957823635,0.10216777554887813,55031.761274715034,55031.86344249058,55031.78170837079
128,6836589,7,3843,3850,711.64016343392,711.783194795702,3844,711.6605965705821,1.3988874814047135e+36,False,5641,1.14,4.252,,0.08224850683676468,0.14303136178205023,55544.64016343392,55544.7831947957,55544.66059657058
129,6836589,9,827,836,825.6813329243159,825.8652427768466,828,825.7017672520815,1.0781559732790905e+36,False,5641,1.14,4.252,,0.0702199937788532,0.18390985253063263,55658.681332924316,55658.86524277685,55658.70176725208
131,6836589,11,2715,2726,1058.4400532702057,1058.664814187665,2716,1058.4604860711333,2.0023375020330908e+36,False,5641,1.14,4.252,,0.07491917690922578,0.22476091745920712,55891.440053270206,55891.664814187665,55891.46048607113
133,6836589,13,2311,2323,1231.5961611603561,1231.9026773279693,2315,1231.7392019410763,2.495327564844907e+36,False,5641,1.14,4.252,,0.06445082907258737,0.3065161676131538,56064.596161160356,56064.90267732797,56064.739201941076
134,6836589,13,2485,2498,1235.2539203989363,1235.580870703343,2489,1235.3969612603323,2.6616805021194674e+36,False,5641,1.14,4.252,,0.07247352001229196,0.32695030440663686,56068.253920398936,56068.58087070334,56068.39696126033
142,6843454,3,3118,3121,328.51071901580144,328.5720175496026,3119,328.53115186026116,3.5997761212704043e+34,False,5243,0.802,4.554,,0.007969196598933997,0.06129853380116401,55161.5107190158,55161.5720175496,55161.53115186026
144,6843454,4,3494,3497,429.55444853561494,429.61575121281203,3495,429.5748827611169,5.278371817757477e+34,False,5243,0.802,4.554,,0.020227393078733058,0.061302677197090816,55262.554448535615,55262.61575121281,55262.57488276112
162,6843454,16,1194,1197,1508.3251352362786,1508.3864364005422,1195,1508.345568957353,2.206227577281337e+34,False,5243,0.802,4.554,,0.01128508290548675,0.06130116426356835,56341.32513523628,56341.38643640054,56341.34556895735
163,6865416,1,450,454,140.76916430492565,140.85090208877227,451,140.78959865103388,7.724819359948354e+34,False,5435,0.828,4.474,,0.01772065000598826,0.08173778384662,54973.769164304926,54973.85090208877,54973.789598651034
165,6865416,2,2110,2113,215.51697929258808,215.57827995603293,2111,215.53741288071615,2.107682811984476e+34,False,5435,0.828,4.474,,0.007214929266577431,0.06130066344485385,55048.51697929259,55048.57827995603,55048.537412880716
168,6865416,2,3152,3155,238.48413585691014,238.5454355993934,3153,238.50456900463905,2.698315427391172e+34,False,5435,0.828,4.474,,0.007493406872147079,0.06129974248324288,55071.48413585691,55071.54543559939,55071.50456900464
169,6865416,2,3422,3425,244.08283392640442,244.14413343256456,3423,244.10326709543733,1.2206504698182393e+34,False,5435,0.828,4.474,,0.007653486859285959,0.06129950616013957,55077.082833926404,55077.144133432565,55077.10326709544
173,6865416,3,551,554,271.7695278359315,271.8308262481369,552,271.78996067363914,7.539418946140562e+34,False,5435,0.828,4.474,,0.015474038333583427,0.061298412205360364,55104.76952783593,55104.83082624814,55104.78996067364
174,6865416,3,637,642,273.5471836797733,273.64934768195235,639,273.58804932120256,8.515122756857255e+34,False,5435,0.828,4.474,,0.030332813397052648,0.10216400217905175,55106.54718367977,55106.64934768195,55106.5880493212
176,6865416,3,915,918,279.268365458498,279.329663872566,916,279.288798230089,7.539419982780832e+34,False,5435,0.828,4.474,,0.008095198430872355,0.06129841406800551,55112.2683654585,55112.329663872566,55112.28879823009
178,6865416,3,1076,1080,283.41621426336496,283.4979451242252,1077,283.4366470038658,5.323078179039005e+34,False,5435,0.828,4.474,,0.018266180089146423,0.0817308608602616,55116.416214263365,55116.497945124225,55116.436647003866
179,6865416,3,2700,2706,317.8043971729858,317.9269930326336,2702,317.8452623926423,1.10968583656179e+35,False,5435,0.828,4.474,,0.023712328118754455,0.12259585964784492,55150.804397172986,55150.92699303263,55150.84526239264
182,6865416,3,3477,3480,335.9077699486297,335.96906821534503,3478,335.928202704039,7.539405978514761e+34,False,5435,0.828,4.474,,0.012435914030126057,0.06129826671531191,55168.90776994863,55168.969068215345,55168.92820270404
183,6865416,3,3537,3540,337.1746009925628,337.235899289808,3538,337.1950337581511,3.9640522365775708e+34,False,5435,0.828,4.474,,0.00950590201559393,0.06129829724523006,55170.17460099256,55170.23589928981,55170.19503375815
185,6865416,4,467,470,362.08231713372516,362.1436162722457,468,362.1027502795914,5.641694014990653e+34,False,5435,0.828,4.474,,0.013795752609803692,0.06129913852055324,55195.082317133725,55195.143616272246,55195.10275027959
186,6865416,4,921,925,371.4611153271326,371.54284806169744,923,371.50198169383657,7.232844957104854e+34,False,5435,0.828,4.474,,0.026947358828384758,0.0817327345648664,55204.46111532713,55204.5428480617,55204.50198169384
188,6865416,4,1924,1928,393.1000383661449,393.1817724042121,1926,393.140905334476,1.035008765012591e+35,False,5435,0.828,4.474,,0.0303170869084551,0.0817340380672249,55226.100038366145,55226.18177240421,55226.140905334476
190,6865416,4,3114,3117,421.74818059529207,421.8094825692242,3115,421.76861468632706,7.062348835704931e+34,False,5435,0.828,4.474,,0.012805020989181973,0.06130197393213166,55254.74818059529,55254.809482569224,55254.76861468633
191,6865416,4,3163,3168,422.74944660358597,422.8516165339897,3165,422.79031451488845,1.2895719342068875e+35,False,5435,0.828,4.474,,0.018099540456448047,0.1021699304037611,55255.749446603586,55255.85161653399,55255.79031451489
193,6865416,5,537,540,454.6268131787001,454.6881162945501,538,454.6472476504787,1.2249592852166334e+35,False,5435,0.828,4.474,,0.009543289807618874,0.06130311585002346,55287.6268131787,55287.68811629455,55287.64724765048
194,6865416,5,1143,1148,467.1531105296308,467.2757172603888,1145,467.2144138945223,1.238338745082944e+35,False,5435,0.828,4.474,,0.013842463002462137,0.12260673075797968,55300.15311052963,55300.27571726039,55300.21441389452
196,6865416,5,1678,1682,479.4955339395019,479.5772719367087,1679,479.51596833875374,1.3714883296380134e+35,False,5435,0.828,4.474,,0.046279671627085205,0.08173799720680108,55312.4955339395,55312.57727193671,55312.515968338754
197,6865416,5,3104,3108,509.6159820373359,509.6977198460954,3105,509.63641648973135,8.87842777554981e+34,False,5435,0.828,4.474,,0.026914321035876116,0.08173780875949888,55342.615982037336,55342.697719846095,55342.63641648973
200,6865416,5,3808,3814,524.1652832676773,524.2878894067107,3809,524.1857176246122,1.4433970315576082e+35,False,5435,0.828,4.474,,0.078440995375253,0.12260613903345075,55357.16528326768,55357.28788940671,55357.18571762461
201,6865416,6,320,324,546.0503330856591,546.1320697421397,321,546.0707673251309,1.2672090336227282e+35,False,5435,0.828,4.474,,0.05767627267543926,0.08173665648064343,55379.05033308566,55379.13206974214,55379.07076732513
202,6865416,6,926,929,558.5355482247178,558.5968501755997,927,558.5559821086572,4.231425336436987e+34,False,5435,0.828,4.474,,0.0193554481321918,0.06130195088189794,55391.53554822472,55391.5968501756,55391.55598210866
204,6865416,6,1518,1521,571.5928095004274,571.654110911375,1519,571.6132432043887,1.0436628780535411e+35,False,5435,0.828,4.474,,0.012963607111750488,0.061301410947635304,55404.59280950043,55404.654110911375,55404.61324320439
205,6865416,6,1743,1746,576.2312762585789,576.2925774688338,1744,576.2517099954857,7.157729092487731e+34,False,5435,0.828,4.474,,0.013085053656705542,0.06130121025489643,55409.23127625858,55409.292577468834,55409.251709995486
207,6865416,6,3740,3744,618.3445554431892,618.4262879446833,3741,618.3649885691411,6.46641146375208e+34,False,5435,0.828,4.474,,0.026469015463771974,0.08173250149411615,55451.34455544319,55451.42628794468,55451.36498856914
208,6865416,7,59,65,631.4216971650894,631.5442949313001,61,631.462563088251,1.4190638939857667e+35,False,5435,0.828,4.474,,0.024206735920801564,0.12259776621067431,55464.42169716509,55464.5442949313,55464.46256308825
210,6865416,7,2876,2879,691.1874728668845,691.2487709691195,2877,691.2079055342183,7.095227584461403e+34,False,5435,0.828,4.474,,0.022906328281729324,0.061298102235014085,55524.187472866884,55524.24877096912,55524.20790553422
217,6865416,8,2782,2785,795.6626553973765,795.7239574660707,2783,795.6830895199673,4.117343298716164e+34,False,5435,0.828,4.474,,0.011810699984318544,0.061302068694203626,55628.66265539738,55628.72395746607,55628.68308951997
218,6865416,9,2178,2181,854.2274445864095,854.2887481984217,2179,854.2478791903704,2.5453525584828076e+34,False,5435,0.828,4.474,,0.010360269435441227,0.061303612012125086,55687.22744458641,55687.28874819842,55687.24787919037
219,6865416,9,3096,3101,873.1702329678665,873.2724054982828,3097,873.190667454015,5.941082234329527e+34,False,5435,0.828,4.474,,0.02674049229183892,0.10217253041628283,55706.17023296787,55706.27240549828,55706.190667454015
225,6865416,9,3820,3823,889.7017064273459,889.7630098378431,3821,889.7221409310805,1.479068126239544e+34,False,5435,0.828,4.474,,0.006333403099786806,0.061303410497203004,55722.701706427346,55722.76300983784,55722.72214093108
226,6865416,9,3847,3851,890.2534354750096,890.3351731734074,3849,890.2943042745537,5.81345944301208e+34,False,5435,0.828,4.474,,0.00781396154976597,0.08173769839777378,55723.25343547501,55723.33517317341,55723.294304274554
227,6865416,9,3944,3947,892.2560063766505,892.3173095331294,3945,892.276440862217,5.042553185089296e+34,False,5435,0.828,4.474,,0.013635420263398493,0.06130315647897078,55725.25600637665,55725.31730953313,55725.27644086222
228,6865416,9,4494,4498,903.5766335056178,903.6583706690872,4495,903.5970677966543,4.268419409525852e+34,False,5435,0.828,4.474,,0.01798693175519083,0.08173716346936999,55736.57663350562,55736.65837066909,55736.597067796654
229,6865416,9,4551,4555,904.7618222735546,904.8435594920884,4552,904.7822566536561,2.284519876212519e+34,False,5435,0.828,4.474,,0.02148214713814737,0.08173721853381721,55737.761822273555,55737.84355949209,55737.782256653656
230,6865416,10,218,222,911.3824658145677,911.4642025644134,219,911.4028999273796,5.269526526743299e+34,False,5435,0.828,4.474,,0.008441771188378923,0.08173674984573154,55744.38246581457,55744.46420256441,55744.40289992738
232,6865416,10,926,929,926.0133057356143,926.0746079590244,927,926.0337397770636,2.729378621962623e+34,False,5435,0.828,4.474,,0.013467220190794675,0.061302223410166334,55759.013305735614,55759.074607959024,55759.03373977706
233,6865416,10,1429,1432,936.4346343129728,936.4959361226356,1430,936.4550683165799,2.631276647892947e+34,False,5435,0.828,4.474,,0.009233837361019534,0.061301809662836604,55769.43463431297,55769.495936122636,55769.45506831658
234,6865416,10,2008,2012,949.2057705015322,949.2875054886099,2009,949.2262043237715,5.267283751400196e+34,False,5435,0.828,4.474,,0.016122905042718915,0.08173498707765248,55782.20577050153,55782.28750548861,55782.22620432377
235,6865416,10,2711,2714,963.6727734221058,963.7340739466672,2712,963.693206830605,3.4464049378027815e+34,False,5435,0.828,4.474,,0.012534103173707347,0.061300524561374914,55796.672773422106,55796.73407394667,55796.693206830605
238,6865416,11,1228,1232,1026.7701104206208,1026.8518414888094,1229,1026.7905432628686,6.438407268696235e+34,False,5435,0.828,4.474,,0.015818283094023788,0.08173106818867382,55859.77011042062,55859.85184148881,55859.79054326287
240,6865416,11,1897,1902,1041.6042540944545,1041.7064174307452,1899,1041.645119329136,9.464010297673336e+34,False,5435,0.828,4.474,,0.016956995223770466,0.10216333629068686,55874.604254094455,55874.706417430745,55874.645119329136
241,6865416,11,2218,2221,1048.2040045308531,1048.2653024901447,2219,1048.224437283985,4.49887632873946e+34,False,5435,0.828,4.474,,0.01697539357599914,0.061297959291550796,55881.20400453085,55881.265302490145,55881.224437283985
242,6865416,11,2442,2446,1052.8013521800385,1052.8830828822247,2443,1052.8217849306166,6.842637813164582e+34,False,5435,0.828,4.474,,0.02627321357457672,0.08173070218617795,55885.80135218004,55885.883082882225,55885.82178493062
243,6865416,11,2615,2619,1056.3974998181147,1056.4792303294962,2616,1056.4179323709614,7.542262715842484e+34,False,5435,0.828,4.474,,0.036460791328641315,0.08173051138146548,55889.397499818115,55889.479230329496,55889.41793237096
244,6865416,11,2652,2655,1057.1535081886905,1057.2148061500775,2653,1057.1739407424611,5.1879756514575575e+34,False,5435,0.828,4.474,,0.007892358492208068,0.06129796138702659,55890.15350818869,55890.21480615008,55890.17394074246
248,6865416,11,3283,3288,1073.6017941084428,1073.7039577898759,3284,1073.6222268244892,1.0057033004109748e+35,False,5435,0.828,4.474,,0.03640671896094628,0.10216368143301224,55906.60179410844,55906.703957789876,55906.62222682449
249,6865416,11,3712,3715,1082.4287429237156,1082.4900412680508,3713,1082.4491758049626,4.952146374117076e+34,False,5435,0.828,4.474,,0.012087251536359742,0.06129834433522774,55915.428742923716,55915.49004126805,55915.44917580496
250,6865416,11,4067,4070,1089.7641254117916,1089.8254239660746,4068,1089.7845582630034,8.191192082449076e+34,False,5435,0.828,4.474,,0.0020541313478691565,0.061298554282984696,55922.76412541179,55922.825423966075,55922.784558263
251,6865416,11,4071,4075,1089.845856817934,1089.9275883274604,4073,1089.8867225222348,7.542361049327744e+34,False,5435,0.828,4.474,,0.01788057112108763,0.08173150952643482,55922.845856817934,55922.92758832746,55922.886722522235
252,6865416,11,4285,4288,1094.300224998573,1094.3615237023987,4286,1094.3206578996178,5.352287562169217e+34,False,5435,0.828,4.474,,0.02513562413381993,0.06129870382574154,55927.30022499857,55927.3615237024,55927.32065789962
254,6865416,12,86,89,1101.1861426674805,1101.2474417245103,87,1101.2065757529272,4.836934545601693e+34,False,5435,0.828,4.474,,0.020548539265489166,0.061299057029827964,55934.18614266748,55934.24744172451,55934.20657575293
255,6865416,12,617,621,1112.1995650908793,1112.2812976484856,618,1112.2199982297534,6.6369779585419515e+34,False,5435,0.828,4.474,,0.016882931148304844,0.08173255760630127,55945.19956509088,55945.281297648486,55945.21999822975
256,6865416,12,717,720,1114.283747535701,1114.3450470470998,718,1114.3041806057809,4.1390082534848792e+34,False,5435,0.828,4.474,,0.01615282976524906,0.061299511398829054,55947.2837475357,55947.3450470471,55947.30418060578
257,6865416,12,1059,1063,1124.439074732858,1124.520808051937,1061,1124.4799413917572,6.102489131825331e+34,False,5435,0.828,4.474,,0.019882141649178925,0.08173331907892134,55957.43907473286,55957.52080805194,55957.47994139176
262,6865416,13,893,896,1201.3932139478493,1201.4545171277277,894,1201.4136483409893,2.9327587280355224e+34,False,5435,0.828,4.474,,0.01005601216453081,0.061303179878450464,56034.39321394785,56034.45451712773,56034.41364834099
265,6865416,13,2637,2640,1238.4204939002739,1238.481797407745,2638,1238.4409285028378,3.1852966865110895e+34,False,5435,0.828,4.474,,0.011897367013817965,0.061303507471166085,56071.420493900274,56071.481797407745,56071.44092850284
266,6865416,13,3755,3758,1262.4718613382647,1262.5535989366617,3756,1262.4922957380331,3.7750249813316475e+34,False,5435,0.828,4.474,,0.007801567306412982,0.08173759839701233,56095.471861338265,56095.55359893666,56095.49229573803
269,6865416,14,931,935,1300.4590442162007,1300.5407803678972,933,1300.4999122425143,1.0250048617804874e+35,False,5435,0.828,4.474,,0.01956485588978827,0.08173615169653203,56133.4590442162,56133.5407803679,56133.499912242514
274,6865416,14,2077,2081,1325.2453021949332,1325.3270367610603,2079,1325.286169428582,8.795471901817497e+34,False,5435,0.828,4.474,,0.0239732148055389,0.08173456612712471,56158.24530219493,56158.32703676106,56158.28616942858
276,6865416,14,2925,2929,1343.6150504323014,1343.6967841108708,2926,1343.6354838274056,1.1096472962067347e+35,False,5435,0.828,4.474,,0.01871803190417876,0.08173367856943514,56176.6150504323,56176.69678411087,56176.635483827406
277,6865416,14,3002,3006,1345.1884213781595,1345.2701547645265,3003,1345.2088546502127,9.196725527353217e+34,False,5435,0.828,4.474,,0.03216664477624635,0.08173338636697736,56178.18842137816,56178.27015476453,56178.20885465021
279,6865416,14,3681,3684,1359.2260812214881,1359.28738073766,3682,1359.2465143937807,6.115728055128549e+34,False,5435,0.828,4.474,,0.02449497677079535,0.06129951617185725,56192.22608122149,56192.28738073766,56192.24651439378
280,6865416,14,4047,4050,1366.765904479631,1366.8272036952185,4048,1366.7863376518071,4.698346818550764e+34,False,5435,0.828,4.474,,0.0175400309507381,0.06129921558749629,56199.76590447963,56199.82720369522,56199.78633765181
281,6865416,14,4141,4144,1368.6866124146327,1368.7479116566465,4142,1368.7070455621288,9.147560287038876e+34,False,5435,0.828,4.474,,0.019145145439040105,0.06129924201377435,56201.68661241463,56201.74791165665,56201.70704556213
285,6865416,15,752,755,1389.0377774141525,1389.0990760837522,753,1389.0582103376655,8.37755077133481e+34,False,5435,0.828,4.474,,0.013847835670739904,0.061298669599636924,56222.03777741415,56222.09907608375,56222.058210337666
288,6865416,15,1789,1792,1411.513795248975,1411.5750932757219,1790,1411.5342279246324,7.623252183590395e+34,False,5435,0.828,4.474,,0.025707806569273253,0.06129802674695384,56244.513795248975,56244.57509327572,56244.53422792463
290,6865416,15,1962,1965,1420.7697790851453,1420.8310771438555,1963,1420.7902117380436,8.452561201937922e+34,False,5435,0.828,4.474,,0.023028275506147562,0.06129805871023564,56253.769779085145,56253.831077143856,56253.79021173804
291,6865416,15,2500,2503,1431.8442793152863,1431.9055772892461,2501,1431.8647119732195,8.845691245939649e+34,False,5435,0.828,4.474,,0.03089239053273929,0.06129797395988135,56264.844279315286,56264.905577289246,56264.86471197322
292,6865416,15,2699,2703,1436.7889853595989,1436.8707160471458,2701,1436.829850703245,1.0728854073280255e+35,False,5435,0.828,4.474,,0.02336654628152053,0.08173068754695123,56269.7889853596,56269.870716047146,56269.829850703245
293,6865416,15,2759,2763,1438.0353787780332,1438.117109484083,2760,1438.0558114544183,1.0763655364421406e+35,False,5435,0.828,4.474,,0.02693961430001007,0.08173070604971144,56271.03537877803,56271.11710948408,56271.05581145442
294,6865416,15,3279,3283,1448.7625505153337,1448.844281354919,3280,1448.7829831500203,8.750962450177485e+34,False,5435,0.828,4.474,,0.030844871703550172,0.08173083958536154,56281.762550515334,56281.84428135492,56281.78298315002
295,6865416,15,4026,4030,1464.1484517497083,1464.2301832436933,4027,1464.1688846228717,1.1878041191289008e+35,False,5435,0.828,4.474,,0.02480711591925112,0.08173149398498936,56297.14845174971,56297.23018324369,56297.16888462287
296,6865416,15,4090,4093,1465.476589373393,1465.5378880377539,4091,1465.497022161282,8.452643640554028e+34,False,5435,0.828,4.474,,0.015512209470687658,0.06129866436094744,56298.47658937339,56298.537888037754,56298.49702216128
297,6865416,16,343,347,1490.5683785910005,1490.650111615083,344,1490.5888119214942,4.1423032008282667e+34,False,5435,0.828,4.474,,0.010815601261239167,0.08173302408249583,56323.568378591,56323.65011161508,56323.588811921494
298,6865416,16,421,424,1492.1621720332769,1492.223471800673,422,1492.1826051888056,3.1997347605886286e+34,False,5435,0.828,4.474,,0.009243678376000247,0.06129976739612175,56325.16217203328,56325.22347180067,56325.182605188806
299,6865416,16,1340,1344,1511.3491496440329,1511.4308840216763,1341,1511.369583312946,4.2927765168375755e+34,False,5435,0.828,4.474,,0.010139155733059601,0.08173437764344271,56344.34914964403,56344.430884021676,56344.369583312946
306,6865484,2,1001,1004,192.61073628142185,192.6720379446415,1002,192.6311702029634,4.307829359831625e+34,False,5937,0.973,4.373,,0.0021743467341646928,0.0613016632196377,55025.61073628142,55025.67203794464,55025.63117020296
308,6865484,2,2846,2849,232.19067861918302,232.2519786401317,2847,232.2111120598056,3.735801505018254e+34,False,5937,0.973,4.373,,0.0073848507246868115,0.06130002094869269,55065.19067861918,55065.25197864013,55065.211112059806
310,6865484,4,373,377,360.1207518061274,360.20248388422624,374,360.14118482521735,4.040428145081597e+34,False,5937,0.973,4.373,,0.0026985725451095922,0.08173207809886662,55193.12075180613,55193.202483884226,55193.14118482522
313,6865484,4,2311,2318,405.09458634409384,405.2580561024224,2312,405.1150199751719,8.0811314282925305e+34,False,5937,0.973,4.373,,0.010257428342356996,0.16346975832857424,55238.094586344094,55238.25805610242,55238.11501997517
316,6865484,5,2303,2306,492.38970527592755,492.4510087877061,2304,492.41013977983675,2.276958083933488e+34,False,5937,0.973,4.373,,0.003024168106558736,0.06130351177853299,55325.38970527593,55325.451008787706,55325.41013977984
318,6865484,5,2936,2946,506.1625530289748,506.36689779668086,2938,506.2034219632187,9.12910879598216e+34,False,5937,0.973,4.373,,0.0062917533873054115,0.20434476770606125,55339.162553028975,55339.36689779668,55339.20342196322
322,6865484,6,3765,3768,618.8553809749719,618.9166803363114,3766,618.8758141955768,3.4594484531241863e+34,False,5937,0.973,4.373,,0.003064249010018688,0.06129936133947922,55451.85538097497,55451.91668033631,55451.87581419558
324,6865484,7,578,582,642.108107000844,642.1898383968655,579,642.1285398502005,3.170590427454284e+34,False,5937,0.973,4.373,,0.0022031002333599736,0.08173139602149604,55475.108107000844,55475.189838396866,55475.1285398502
326,6865484,7,1440,1445,659.90505677092,660.0072204252501,1441,659.9254895819759,3.680189711418332e+34,False,5937,0.973,4.373,,0.0041317992277527865,0.10216365433007013,55492.90505677092,55493.00722042525,55492.925489581976
328,6865484,7,1713,1716,666.3209243313904,666.3822223715324,1714,666.3413570114717,2.222934812514236e+34,False,5937,0.973,4.373,,0.002448712001402612,0.061298040141991805,55499.32092433139,55499.38222237153,55499.34135701147
329,6865484,7,2997,3005,693.6802635144995,693.8437249372946,3000,693.7415615474529,5.9003142947211115e+34,False,5937,0.973,4.373,,0.006185000355265987,0.16346142279508058,55526.6802635145,55526.843724937295,55526.74156154745
332,6865484,8,769,772,751.2398571447266,751.3011571808092,770,751.2602904563682,4.1390550092180224e+34,False,5937,0.973,4.373,,0.004698992980125837,0.06130003608268453,55584.23985714473,55584.30115718081,55584.26029045637
335,6865484,9,221,225,813.0725389735744,813.1542759415752,222,813.0929732152508,5.0085506512312285e+34,False,5937,0.973,4.373,,0.008921664577201347,0.08173696800076868,55646.072538973574,55646.154275941575,55646.09297321525
336,6865484,9,2404,2407,858.866075612219,858.9273791299929,2405,858.8865100181647,3.7171627982797073e+34,False,5937,0.973,4.373,,0.002848248169823328,0.06130351777392207,55691.86607561222,55691.92737912999,55691.886510018165
342,6865484,10,2625,2628,961.915485366706,961.9767859729909,2626,961.9359189024472,2.71336059798002e+34,False,5937,0.973,4.373,,0.004015494190825499,0.061300606284930836,55794.915485366706,55794.97678597299,55794.93591890245
345,6865484,10,3281,3284,976.3414892808069,976.4027892503,3282,976.3619225042057,4.359313855981943e+34,False,5937,0.973,4.373,,0.005202386239769621,0.06129996949312044,55809.34148928081,55809.4027892503,55809.361922504206
347,6865484,11,1457,1461,1031.6331016497788,1031.7148326027236,1459,1031.6739670764218,2.3738436281519637e+34,False,5937,0.973,4.373,,0.007095154363962155,0.08173095294478117,55864.63310164978,55864.71483260272,55864.67396707642
355,6865484,13,1571,1576,1216.126446790542,1216.2286191659368,1572,1216.1468811654631,3.8566919971551357e+34,False,5937,0.973,4.373,,0.002129820699862466,0.1021723753947299,56049.12644679054,56049.22861916594,56049.14688116546
356,6865484,13,1836,1839,1221.725496946201,1221.786800425034,1837,1221.7459314391017,2.4314753313078158e+34,False,5937,0.973,4.373,,0.003345391936658555,0.061303478832996916,56054.7254969462,56054.786800425034,56054.7459314391
357,6865484,13,2284,2287,1231.043632020228,1231.1049355374125,2285,1231.0640665259343,2.131245517473102e+34,False,5937,0.973,4.373,,0.003086514643959328,0.0613035171845695,56064.04363202023,56064.10493553741,56064.064066525934
365,6865484,15,2750,2758,1437.8310560967584,1438.014950192388,2752,1437.8923541279364,7.199055850345819e+34,False,5937,0.973,4.373,,0.00731665250510162,0.18389409562951187,56270.83105609676,56271.01495019239,56270.89235412794
366,6865484,15,4232,4235,1468.3985007654628,1468.4597995323857,4233,1468.4189337875723,2.5766189755225523e+34,False,5937,0.973,4.373,,0.002225744460575858,0.06129876692284597,56301.39850076546,56301.459799532386,56301.41893378757
368,6865484,16,1598,1603,1516.6823285121936,1516.7844967948477,1600,1516.7231957242984,4.0321491883879787e+34,False,5937,0.973,4.373,,0.005188539743829428,0.10216828265402,56349.68232851219,56349.78449679485,56349.7231957243
371,6865484,17,8,11,1559.4097706362081,1559.4710734186447,9,1559.4302048968675,2.0011341055314045e+34,False,5937,0.973,4.373,,0.0025782058847767996,0.06130278243654175,56392.40977063621,56392.471073418645,56392.43020489687
372,6865484,17,488,491,1569.381716542397,1569.443019611157,489,1569.4021508984588,2.0011434526109098e+34,False,5937,0.973,4.373,,0.004288854971940685,0.06130306876002578,56402.3817165424,56402.44301961116,56402.40215089846
373,6865484,17,846,850,1576.778965983678,1576.8607036338508,848,1576.8198348084843,2.7549352699271554e+34,False,5937,0.973,4.373,,0.002248249140391466,0.08173765017272672,56409.77896598368,56409.86070363385,56409.819834808484
377,6876367,3,1716,1720,297.535450954776,297.6171816986316,1717,297.55588371588965,1.7496072181020715e+34,False,5191,0.7,4.593,,0.01205468678528754,0.0817307438555872,55130.535450954776,55130.61718169863,55130.55588371589
383,6876367,5,2991,2994,507.3066666486484,507.3679701526271,2992,507.3271010500539,8.700957661833236e+33,False,5191,0.7,4.593,,0.0045102881512923566,0.06130350397870643,55340.30666664865,55340.36797015263,55340.327101050054
385,6876367,6,754,757,555.0004203161661,555.0617226181566,755,555.0208544169873,4.608660259976357e+34,False,5191,0.7,4.593,,0.010134963996039208,0.06130230199050857,55388.000420316166,55388.06172261816,55388.02085441699
401,6876367,14,694,697,1288.6684939552433,1288.7297966265032,695,1288.6889282792326,1.7189248599504744e+34,False,5191,0.7,4.593,,0.00905038395491127,0.0613026712599094,56121.66849395524,56121.7297966265,56121.68892827923
411,6932164,4,1975,1978,394.16274343300756,394.2240445839998,1976,394.1831770496501,4.048221996660152e+34,False,5716,0.872,4.544,,0.008970753042296931,0.061301150992221665,55227.16274343301,55227.224044584,55227.18317704965
414,6932164,7,2667,2670,685.956308745881,686.0176069499066,2668,685.9767414804664,1.3080745126947971e+35,False,5716,0.872,4.544,,0.011911027465908879,0.06129820402566111,55518.95630874588,55519.01760694991,55518.97674148047
424,6934317,1,1166,1172,155.58432065582747,155.70692611953564,1168,155.62518921124865,4.77618376191442e+35,False,5606,1.977,3.787,,0.024862155154058475,0.12260546370816883,54988.58432065583,54988.706926119536,54988.62518921125
427,6934317,2,1111,1114,194.8788852745929,194.94018652185332,1112,194.89931892383174,6.534026918410381e+34,False,5606,1.977,3.787,,0.003925852296496264,0.06130124726041686,55027.87888527459,55027.94018652185,55027.89931892383
428,6934317,2,2894,2899,233.19165250267542,233.2938185685489,2895,233.21208571640454,1.0319525323805189e+35,False,5606,1.977,3.787,,0.0025978683612507547,0.10216606587346178,55066.191652502675,55066.29381856855,55066.212085716405
430,6934317,2,3935,3938,254.74854762526957,254.80984648974845,3936,254.7689806803246,6.533776833962413e+34,False,5606,1.977,3.787,,0.0037166889734815025,0.06129886447888566,55087.74854762527,55087.80984648975,55087.768980680325
431,6934317,3,476,479,270.1753913648354,270.23668990789156,477,270.1958241792672,1.818843316293834e+35,False,5606,1.977,3.787,,0.003412313250061796,0.0612985430561821,55103.175391364835,55103.23668990789,55103.19582417927
432,6934317,3,1924,1931,301.82569148884795,301.96872035888373,1925,301.84612418453617,2.577831439669966e+35,False,5606,1.977,3.787,,0.013194065667024758,0.1430288700357778,55134.82569148885,55134.968720358884,55134.846124184536
433,6934317,3,2009,2014,303.5829030615423,303.68506644596346,2011,303.62376845523977,2.2674540170427246e+35,False,5606,1.977,3.787,,0.0071484438253445705,0.10216338442114647,55136.58290306154,55136.68506644596,55136.62376845524
436,6934317,3,3898,3901,344.6119481997739,344.6732470863717,3899,344.63238116170396,1.4900884337883712e+35,False,5606,1.977,3.787,,0.002252435218081129,0.06129888659779681,55177.611948199774,55177.67324708637,55177.632381161704
438,6934317,4,646,650,365.76020966281067,365.84194254801696,648,365.8010760547768,3.350736393865805e+35,False,5606,1.977,3.787,,0.005522546442177176,0.08173288520629285,55198.76020966281,55198.84194254802,55198.80107605478
439,6934317,4,1095,1100,375.07780128417653,375.1799681329503,1097,375.1186679627572,4.0119949725297546e+35,False,5606,1.977,3.787,,0.013066784761654187,0.10216684877377702,55208.07780128418,55208.17996813295,55208.11866796276
441,6934317,4,2261,2264,404.0526735327003,404.1139749721697,2262,404.0731072789131,2.531484690010107e+35,False,5606,1.977,3.787,,0.007357482043331636,0.06130143946938915,55237.0526735327,55237.11397497217,55237.07310727891
442,6934317,4,3266,3271,424.8749127875635,424.97708335184143,3267,424.89534691992594,4.012142460024436e+35,False,5606,1.977,3.787,,0.01751136338181839,0.10217056427791249,55257.87491278756,55257.97708335184,55257.895346919926
443,6934317,5,1263,1266,469.66695176426583,469.72825514827855,1264,469.687386225567,7.749969798190962e+34,False,5606,1.977,3.787,,0.0015473536393185764,0.06130338401271729,55302.666951764266,55302.72825514828,55302.68738622557
444,6934317,5,1356,1363,471.5673568376951,471.7103980926913,1357,471.5877913026052,1.789830504254776e+35,False,5606,1.977,3.787,,0.006449725099023372,0.14304125499620568,55304.567356837695,55304.71039809269,55304.587791302605
445,6934317,5,3272,3276,513.0901265505236,513.1718638986204,3273,513.1105608876605,9.81035555715292e+34,False,5606,1.977,3.787,,0.0024972850306259928,0.08173734809679445,55346.09012655052,55346.17186389862,55346.11056088766
446,6934317,5,3506,3509,517.9330608770833,517.9943637741817,3507,517.9534952762697,6.627680829123357e+34,False,5606,1.977,3.787,,0.0032949416039524367,0.06130289709835779,55350.93306087708,55350.99436377418,55350.95349527627
447,6934317,6,60,64,540.6967267242944,540.778463100447,61,540.7171607936834,1.943185862820247e+35,False,5606,1.977,3.787,,0.01557717301932602,0.08173637615254847,55373.696726724294,55373.77846310045,55373.71716079368
449,6934317,6,1913,1918,579.7253265095424,579.8274942608768,1914,579.7457599604095,1.8711238903973144e+35,False,5606,1.977,3.787,,0.009203256500510173,0.10216775133449119,55412.72532650954,55412.82749426088,55412.74575996041
452,6934317,6,2821,2824,599.4231180972274,599.4844179279535,2822,599.4435513745193,1.3802529340065252e+35,False,5606,1.977,3.787,,0.0013340980229224154,0.061299830726056825,55432.42311809723,55432.48441792795,55432.44355137452
453,6934317,6,3457,3460,612.5207959760228,612.5820952994109,3458,612.5412290840541,1.852718768193139e+35,False,5606,1.977,3.787,,0.009091745307373276,0.061299323388084304,55445.52079597602,55445.58209529941,55445.541229084054
455,6934317,7,1127,1130,653.4479220171852,653.5092202414962,1128,653.4683546587403,3.1201997804553196e+34,False,5606,1.977,3.787,,0.0013129022635189579,0.061298224311030935,55486.447922017185,55486.509220241496,55486.46835465874
456,6934317,7,1171,1174,654.3469626549631,654.4082608668177,1172,654.3673954923288,6.000234983538597e+34,False,5606,1.977,3.787,,0.0014603398723133459,0.0612982118545915,55487.34696265496,55487.40826086682,55487.36739549233
458,6934317,7,1764,1771,667.3626047110884,667.5056337097049,1765,667.3830375109683,1.007848225358847e+35,False,5606,1.977,3.787,,0.003489521423649705,0.14302899861650076,55500.36260471109,55500.505633709705,55500.38303751097
459,6934317,7,2745,2749,687.570556119208,687.6522870481203,2746,687.5909888512906,6.138207440504514e+34,False,5606,1.977,3.787,,0.002466112799130909,0.08173092891229317,55520.57055611921,55520.65228704812,55520.59098885129
460,6934317,7,3708,3712,708.3507155472107,708.432447070416,3709,708.3711484277082,6.912293750328299e+34,False,5606,1.977,3.787,,0.0031686646504185123,0.08173152320523513,55541.35071554721,55541.432447070416,55541.37114842771
461,6934317,7,3927,3932,713.3567786619242,713.4589433252258,3928,713.3772115941101,6.153650857200355e+34,False,5606,1.977,3.787,,0.0015539969842663412,0.1021646633016644,55546.356778661924,55546.458943325226,55546.37721159411
462,6934317,8,209,216,739.6746023731175,739.817635450745,210,739.6950357547175,2.1088148249874757e+35,False,5606,1.977,3.787,,0.00718643460932783,0.14303307762747863,55572.67460237312,55572.817635450745,55572.69503575472
466,6934317,8,1662,1666,772.4091224223012,772.4908577076421,1663,772.4295562182306,1.3543197524965349e+35,False,5606,1.977,3.787,,0.002628023153795251,0.08173528534098295,55605.4091224223,55605.49085770764,55605.42955621823
467,6934317,8,1937,1943,778.0897311027875,778.2123343961648,1940,778.1510327480792,1.802505165339018e+35,False,5606,1.977,3.787,,0.006272810583961096,0.12260329337732401,55611.08973110279,55611.212334396165,55611.15103274808
469,6934317,8,2385,2390,787.428048048816,787.5302182231026,2386,787.4484820631405,1.1714514775101498e+35,False,5606,1.977,3.787,,0.006017933624234029,0.10217017428658437,55620.428048048816,55620.5302182231,55620.44848206314
476,6934317,9,2575,2580,862.3811876485779,862.483359916012,2577,862.4220565556898,1.6172651179978867e+35,False,5606,1.977,3.787,,0.011580813759854725,0.10217226743407082,55695.38118764858,55695.48335991601,55695.42205655569
484,6934317,9,4430,4434,902.2894690458925,902.3712057751327,4431,902.3099032284372,1.3889266351039706e+35,False,5606,1.977,3.787,,0.03219090808914017,0.08173672924021957,55735.28946904589,55735.37120577513,55735.30990322844
486,6934317,10,680,684,920.9457476681418,921.0274836387034,681,920.9661816362495,6.839351464029506e+34,False,5606,1.977,3.787,,0.003347623194774683,0.08173597056156723,55753.94574766814,55754.0274836387,55753.96618163625
489,6934317,10,2433,2437,957.9512221964615,958.0329560460523,2434,957.9716555593259,5.323507240626745e+34,False,5606,1.977,3.787,,0.0011273639731462354,0.08173384959081886,55790.95122219646,55791.03295604605,55790.971655559326
490,6934317,10,2719,2722,963.8564821598629,963.9177823002537,2720,963.8769155403061,4.0500548324896613e+34,False,5606,1.977,3.787,,0.002284144700575004,0.061300140390812885,55796.85648215986,55796.917782300254,55796.876915540306
492,6934317,10,3195,3201,974.5431040068943,974.6657034161908,3196,974.5635372425168,8.345232566646925e+34,False,5606,1.977,3.787,,0.00323248646604717,0.12259940929652657,55807.543104006894,55807.66570341619,55807.56353724252
493,6934317,10,4220,4223,995.6709367748117,995.7322358133315,4221,995.6913698545541,5.095833095280297e+34,False,5606,1.977,3.787,,0.003022033601076483,0.06129903851979179,55828.67093677481,55828.73223581333,55828.691369854554
494,6934317,11,376,381,1009.0544889252196,1009.1566532787401,377,1009.0749218761994,2.157098636979141e+35,False,5606,1.977,3.787,,0.015870941743319888,0.10216435352049302,55842.05448892522,55842.15665327874,55842.0749218762
497,6934317,11,1974,1979,1043.1771904559791,1043.2793538446567,1976,1043.218055751422,1.9005986520822894e+35,False,5606,1.977,3.787,,0.023372146260295365,0.10216338867758168,55876.17719045598,55876.27935384466,55876.21805575142
499,6934317,11,2092,2095,1045.6086819950942,1045.6699800896022,2093,1045.6291145932191,3.465140604666303e+35,False,5606,1.977,3.787,,0.0029715161853286452,0.0612980945079471,55878.608681995094,55878.6699800896,55878.62911459322
503,6934317,11,4080,4083,1090.029573099404,1090.0908720527077,4081,1090.0500060835693,1.626289739494953e+35,False,5606,1.977,3.787,,0.004105381745137641,0.061298953303776216,55923.029573099404,55923.09087205271,55923.05000608357
507,6934317,12,2269,2274,1150.144701752979,1150.2468712546179,2270,1150.1651356327275,1.7346204373793098e+35,False,5606,1.977,3.787,,0.0536535732767235,0.10216950163885485,55983.14470175298,55983.24687125462,55983.16513563273
508,6934317,12,2397,2401,1152.7806755145066,1152.862411189606,2398,1152.801109432905,1.6257788589751867e+35,False,5606,1.977,3.787,,0.004084653060949764,0.08173567509948043,55985.78067551451,55985.862411189606,55985.801109432905
512,6934317,13,1472,1477,1213.368197431555,1213.470369832954,1473,1213.3886318917503,9.17975788107638e+34,False,5606,1.977,3.787,,0.0032556540554187926,0.10217240139900241,56046.368197431555,56046.470369832954,56046.38863189175
513,6934317,13,1745,1752,1219.7641868454666,1219.9072281307817,1747,1219.8050557840688,1.2851654147414391e+35,False,5606,1.977,3.787,,0.0019054909247984246,0.14304128531512106,56052.76418684547,56052.90722813078,56052.80505578407
515,6934317,14,419,422,1282.967592669549,1283.0288949415044,420,1282.9880267603585,8.835332022777764e+34,False,5606,1.977,3.787,,0.007597859702209975,0.061302271955355536,56115.96759266955,56116.028894941504,56115.98802676036
518,6934317,14,1470,1474,1312.7193659680488,1312.8011007994864,1471,1312.7397996763175,1.8647767077111602e+35,False,5606,1.977,3.787,,0.030142262449278274,0.08173483143764315,56145.71936596805,56145.80110079949,56145.73979967632
521,6934317,14,3212,3216,1349.5404531010572,1349.6221858994104,3213,1349.5608863010493,2.8112137687712705e+35,False,5606,1.977,3.787,,0.0030202177470592087,0.08173279835318681,56182.54045310106,56182.62218589941,56182.56088630105
528,6934317,15,2027,2032,1422.09753568835,1422.1996992021668,2028,1422.1179684910749,7.35737327103675e+35,False,5606,1.977,3.787,,0.0023409733581692222,0.10216351381677669,56255.09753568835,56255.19969920217,56255.117968491075
529,6934317,15,2052,2061,1422.6287861697492,1422.8126805035936,2054,1422.6696514770083,3.255454101391356e+35,False,5606,1.977,3.787,,0.09597136723474693,0.18389433384436416,56255.62878616975,56255.81268050359,56255.66965147701
533,6934317,15,3322,3325,1449.6409029376446,1449.7022014918766,3323,1449.6613357889146,7.033033943837562e+34,False,5606,1.977,3.787,,0.027760391740003897,0.06129855423205299,56282.640902937645,56282.70220149188,56282.661335788915
535,6934317,16,542,547,1494.6550646448668,1494.7572319696555,543,1494.6754980892147,1.0616550539385097e+35,False,5606,1.977,3.787,,0.0033563796065958626,0.10216732478875201,56327.65506464487,56327.757231969656,56327.675498089215
536,6934317,16,857,860,1501.3368199160905,1501.3981206685858,858,1501.3572535666099,5.934842939489949e+34,False,5606,1.977,3.787,,0.001737159131655049,0.06130075249529909,56334.33681991609,56334.398120668586,56334.35725356661
537,6934317,16,927,936,1502.7876033093125,1502.9715054833505,929,1502.8284703568133,1.8372331608770837e+35,False,5606,1.977,3.787,,0.0048639002680632695,0.1839021740379394,56335.78760330931,56335.97150548335,56335.82847035681
539,6934317,16,1224,1228,1508.9381252286912,1509.019859915541,1225,1508.9585588999398,9.916368373171602e+34,False,5606,1.977,3.787,,0.0019463556278479313,0.08173468684981344,56341.93812522869,56342.01985991554,56341.95855889994
541,6934317,17,184,191,1563.1291879715718,1563.2722285217897,186,1563.1700567708904,2.099718596889659e+35,False,5606,1.977,3.787,,0.006381458134525732,0.14304055021784734,56396.12918797157,56396.27222852179,56396.17005677089
543,6934317,17,535,539,1570.3629586326279,1570.4446962255242,536,1570.3833930306864,1.0753562912156602e+35,False,5606,1.977,3.787,,0.004188814482992366,0.08173759289638838,56403.36295863263,56403.444696225524,56403.38339303069
544,6934317,17,617,620,1572.0385800609802,1572.0998832839032,618,1572.0590144685266,1.1369318992067457e+35,False,5606,1.977,3.787,,0.001498768305218119,0.06130322292301571,56405.03858006098,56405.0998832839,56405.05901446853
545,6934317,17,765,768,1575.0833087598003,1575.1446120292821,766,1575.1037431828663,8.0590139863505475e+34,False,5606,1.977,3.787,,0.005104332457816099,0.06130326948186848,56408.0833087598,56408.14461202928,56408.103743182866
546,6934317,17,1178,1181,1588.8356877173865,1588.896991114263,1179,1588.856122182995,7.0000249169784875e+34,False,5606,1.977,3.787,,0.002283158993819457,0.06130339687661035,56421.83568771739,56421.89699111426,56421.856122182995
556,6960242,10,3128,3131,973.1335540941,973.1948543783801,3129,973.153987622507,4.366866243937213e+34,False,5564,0.885,4.427,,0.005541577341641288,0.06130028428015066,55806.1335540941,55806.19485437838,55806.15398762251
557,6960242,12,1648,1651,1137.352963870835,1137.4142642894585,1649,1137.3733973433555,3.1272342302521586e+34,False,5564,0.885,4.427,,0.0065295289004118325,0.06130041862343205,55970.352963870835,55970.41426428946,55970.373397343355
580,7034441,9,1119,1122,831.708689847459,831.7904275815672,1120,831.729124355792,2.303103240895073e+34,False,5960,0.793,4.583,,0.0035304543591107994,0.08173773410817375,55664.70868984746,55664.79042758157,55664.72912435579
584,7034441,11,431,437,1010.2807940211278,1010.4033913410021,433,1010.3216597952778,4.642631459423551e+34,False,5960,0.793,4.583,,0.005222797739926169,0.12259731987433042,55843.28079402113,55843.403391341,55843.32165979528
587,7034441,13,1544,1547,1214.8391089559955,1214.9208467225835,1545,1214.8595433225128,3.3070597375692975e+34,False,5960,0.793,4.583,,0.004763181566003266,0.08173776658804854,56047.839108955995,56047.92084672258,56047.85954332251
593,7034441,16,23,27,1472.5872542346551,1472.6689861806226,24,1472.6076872207923,2.6674598587046115e+34,False,5960,0.793,4.583,,0.00527123168377051,0.08173194596747635,56305.587254234655,56305.66898618062,56305.60768722079
607,7093228,9,2538,2543,861.6254421537524,861.7276141732291,2540,861.6663108618013,6.082949955948747e+34,False,5275,0.796,4.505,,0.013810348687394704,0.10217201947671128,55694.62544215375,55694.72761417323,55694.6663108618
612,7093228,16,1503,1506,1514.700569110406,1514.76187072217,1504,1514.7210029807247,5.950943520423593e+34,False,5275,0.796,4.505,,0.01634606301320784,0.061301611764065456,56347.700569110406,56347.76187072217,56347.721002980725
636,7104854,14,94,97,1276.1221211248776,1276.183423652008,95,1276.142555200895,1.9946616685566799e+34,False,5546,0.797,4.532,,0.006025302002586441,0.06130252713046502,56109.12212112488,56109.18342365201,56109.142555200895
662,7130464,13,1044,1047,1204.5194410573386,1204.5807442290097,1045,1204.5398755477436,1.6184478355333155e+34,False,5518,0.822,4.563,,0.004698657023429608,0.061303171671170276,56037.51944105734,56037.58074422901,56037.53987554774
684,7137278,11,1524,1527,1033.7788914524644,1033.840189597613,1525,1033.7993240675933,3.477915092550584e+34,False,5559,0.806,4.572,,0.005699136863744632,0.06129814514861209,55866.778891452464,55866.84018959761,55866.79932406759
713,7192234,12,960,964,1122.3957915448555,1122.4775250718594,961,1122.4162249261135,1.535801118182755e+34,False,5527,0.819,4.564,,0.005711134400264773,0.08173352700396208,55955.395791544855,55955.47752507186,55955.41622492611
721,7256548,2,49,52,170.78742904256796,170.84873084839637,50,170.80786287807132,3.8293214753120942e+34,False,5471,0.702,4.629,,0.016726847682770007,0.06130180582840694,55003.78742904257,55003.8487308484,55003.80786287807
722,7256548,2,3110,3114,237.62538524011325,237.7071175222809,3111,237.64581831112446,5.105545898711785e+34,False,5471,0.702,4.629,,0.014926149125647731,0.08173228216764983,55070.62538524011,55070.70711752228,55070.645818311124
723,7256548,3,487,490,270.42018803251995,270.4814864134096,488,270.4406208263463,2.5645539330873575e+34,False,5471,0.702,4.629,,0.006355890937075275,0.06129838088963879,55103.42018803252,55103.48148641341,55103.440620826346
724,7256548,3,1316,1322,288.4214459937066,288.5440424200933,1318,288.46231156918657,9.76638279314985e+34,False,5471,0.702,4.629,,0.03466121250180711,0.1225964263867354,55121.42144599371,55121.54404242009,55121.46231156919
728,7256548,4,115,119,354.80791442618647,354.88964743223187,116,354.8283476522629,3.986975428000019e+34,False,5471,0.702,4.629,,0.012530854091517345,0.0817330060453969,55187.80791442619,55187.88964743223,55187.82834765226
729,7256548,4,593,597,364.67719598654367,364.75892956755706,594,364.69762935638573,3.987002449600807e+34,False,5471,0.702,4.629,,0.00964002552688935,0.08173358101339545,55197.677195986544,55197.75892956756,55197.697629356386
730,7256548,4,1945,1949,393.5498574127487,393.63159265384456,1946,393.57029122252425,3.9870831396813153e+34,False,5471,0.702,4.629,,0.021631515997233116,0.0817352410958847,55226.54985741275,55226.631592653845,55226.570291222524
733,7256548,5,2489,2493,496.25252626898873,496.3342638054528,2490,496.27296072825266,2.8655546416922388e+34,False,5471,0.702,4.629,,0.008355866331991405,0.08173753646406112,55329.25252626899,55329.33426380545,55329.27296072825
736,7256548,6,1520,1524,571.6335452182902,571.7152794703215,1521,571.6539788568189,7.163935074926446e+34,False,5471,0.702,4.629,,0.015411431358100842,0.08173425203131046,55404.63354521829,55404.71527947032,55404.65397885682
737,7256548,6,3978,3983,623.2478261787037,623.349990805451,3979,623.2682591044213,8.406617150943348e+34,False,5471,0.702,4.629,,0.015593802891731845,0.10216462674725335,55456.247826178704,55456.34999080545,55456.26825910442
738,7256548,7,1565,1569,663.2756715551659,663.3574026081114,1566,663.2961043934047,3.4723165705838264e+34,False,5471,0.702,4.629,,0.010964130754576603,0.08173105294554261,55496.275671555166,55496.35740260811,55496.296104393405
739,7256548,7,1778,1782,667.6482787353161,667.7300096991385,1779,667.6687114762244,3.4723121486056035e+34,False,5471,0.702,4.629,,0.013790431467851439,0.0817309638223378,55500.648278735316,55500.73000969914,55500.668711476224
740,7256548,7,2708,2711,686.7937867937289,686.8550852281114,2709,686.814219605054,2.7621551696090915e+34,False,5471,0.702,4.629,,0.011653369712856776,0.06129843438247917,55519.79378679373,55519.85508522811,55519.814219605054
741,7256548,7,4063,4066,716.1967885359554,716.2580878124281,4064,716.2172216279141,2.7343987045089888e+34,False,5471,0.702,4.629,,0.0066475455259844,0.06129927647270961,55549.196788535955,55549.25808781243,55549.217221627914
742,7256548,8,859,863,753.1607035267662,753.2424380420198,860,753.1811371550575,6.01705616960806e+34,False,5471,0.702,4.629,,0.024475707306680177,0.08173451525362907,55586.160703526766,55586.24243804202,55586.18113715506
745,7256548,9,1962,1966,849.7530777073334,849.8348154297128,1963,849.7735121379592,4.198479275015328e+34,False,5471,0.702,4.629,,0.01694305799899886,0.08173772237933008,55682.75307770733,55682.83481542971,55682.77351213796
752,7256548,12,1600,1603,1136.3724676439087,1136.4337690307584,1601,1136.392901439256,4.0293895590026433e+34,False,5471,0.702,4.629,,0.008477121318391422,0.061301386849663686,55969.37246764391,55969.43376903076,55969.392901439256
753,7256548,13,2765,2770,1241.0776707584591,1241.1798425293891,2767,1241.1185394672066,6.753442570635406e+34,False,5471,0.702,4.629,,0.016746751238025374,0.10217177092999918,56074.07767075846,56074.17984252939,56074.11853946721
755,7256548,15,1083,1087,1395.9024042819583,1395.9841353035808,1084,1395.9228370374767,1.7953600683272171e+34,False,5471,0.702,4.629,,0.0059514900045927145,0.08173102162254509,56228.90240428196,56228.98413530358,56228.92283703748
756,7256548,15,3009,3012,1443.1838573423884,1443.2451560508707,3010,1443.2042902450048,1.3465297663536408e+34,False,5471,0.702,4.629,,0.005179426083867254,0.061298708482354414,56276.18385734239,56276.24515605087,56276.204290245005
763,7256548,17,837,841,1576.5958664012287,1576.677604217235,838,1576.6163009301963,4.430123428543683e+34,False,5471,0.702,4.629,,0.013731850800720577,0.08173781600635266,56409.59586640123,56409.677604217235,56409.616300930196
778,7264671,8,2083,2087,781.1140334227384,781.195769320424,2085,781.1549013210024,1.9488337824813469e+34,False,5183,0.723,4.557,,0.0028361434375846896,0.08173589768557576,55614.11403342274,55614.195769320424,55614.154901321
799,7267949,1,820,824,148.39143431426783,148.47317156632198,821,148.41186870251113,2.5595805531184937e+34,False,5629,0.9,4.419,,0.00426410581845962,0.08173725205415394,54981.39143431427,54981.47317156632,54981.41186870251
803,7267949,3,2757,2760,318.96875574176374,319.0300539970922,2758,318.98918839344697,1.8816390049133728e+34,False,5629,0.9,4.419,,0.0019658443242038756,0.061298255328438245,55151.968755741764,55152.03005399709,55151.98918839345
815,7267949,8,2166,2169,782.8712889901144,782.9325908200408,2167,782.8917228330756,9.371706847279318e+33,False,5629,0.9,4.419,,0.002081730288001518,0.06130182992637856,55615.871288990114,55615.93259082004,55615.891722833076
817,7267949,9,3064,3067,872.5166482563363,872.5779514762689,3065,872.537082663097,8.672638647507056e+33,False,5629,0.9,4.419,,0.0015912580816520403,0.06130321993259713,55705.516648256336,55705.57795147627,55705.5370826631
825,7267949,12,3529,3533,1181.6132161632631,1181.6949532096187,3530,1181.6336504245628,1.3134610571840427e+34,False,5629,0.9,4.419,,0.0023269969179776054,0.08173704635555623,56014.61321616326,56014.69495320962,56014.63365042456
827,7267949,13,4042,4047,1268.4389031253522,1268.5615085509926,4044,1268.4797716012617,2.111918855150722e+34,False,5629,0.9,4.419,,0.002984785109622908,0.12260542564035859,56101.43890312535,56101.56150855099,56101.47977160126
828,7267949,14,1953,1956,1322.6500876306018,1322.7113883509737,1954,1322.670521304295,1.7311080621041212e+34,False,5629,0.9,4.419,,0.002762794079870082,0.06130072037194623,56155.6500876306,56155.711388350974,56155.670521304295
835,7287601,1,330,333,138.29650420879625,138.3578075914702,331,138.31693856980564,9.683407065656809e+33,False,5659,0.775,4.567,,0.002835229121863794,0.06130338267394109,54971.296504208796,54971.35780759147,54971.316938569806
837,7287601,2,2302,2316,219.52193911742506,219.8080089006544,2306,219.60367334722832,3.9907429754875014e+35,False,5659,0.775,4.567,,0.03841922027308435,0.28606978322932264,55052.521939117425,55052.808008900654,55052.60367334723
856,7287601,13,269,273,1188.3764853306639,1188.4582223345278,270,1188.3969195813115,2.9095009851552694e+34,False,5659,0.775,4.567,,0.008847798111476022,0.08173700386396376,56021.376485330664,56021.45822233453,56021.39691958131
857,7287601,13,1202,1206,1207.7891142848312,1207.8708519528154,1203,1207.809548801626,2.9095246251053133e+34,False,5659,0.775,4.567,,0.003930534884363352,0.08173766798427096,56040.78911428483,56040.870851952815,56040.809548801626
861,7287601,15,2911,2915,1441.1616669708965,1441.2433977221954,2913,1441.202532346375,1.6005337521364263e+34,False,5659,0.775,4.567,,0.0035149872762803235,0.08173075129889185,56274.1616669709,56274.243397722195,56274.202532346375
868,7293816,5,161,164,446.8615671883308,446.9228699587766,162,446.8820013449149,3.0263712527912685e+34,False,5964,0.888,4.454,,0.0054220345220079924,0.0613027704457636,55279.86156718833,55279.92286995878,55279.882001344915
885,7293816,14,1747,1751,1318.4204184271948,1318.5021538689907,1748,1318.4408523630482,4.998682510451863e+34,False,5964,0.888,4.454,,0.008267527282153058,0.08173544179589953,56151.420418427195,56151.50215386899,56151.44085236305
886,7293816,14,1819,1822,1319.8916542685256,1319.9733894262754,1820,1319.91208798343,5.215929630395245e+34,False,5964,0.888,4.454,,0.006441021010150053,0.08173515774979023,56152.891654268526,56152.973389426275,56152.91208798343
887,7293816,14,4204,4208,1369.9944732335207,1370.0762054748338,4205,1370.0149062191922,4.998489624180947e+34,False,5964,0.888,4.454,,0.005935096621167115,0.08173224131314782,56202.99447323352,56203.076205474834,56203.01490621919
888,7293816,15,1852,1857,1418.5019873230558,1418.604150617779,1853,1418.5224200820667,7.560030943161179e+34,False,5964,0.888,4.454,,0.00879624435352658,0.10216329472314101,56251.501987323056,56251.60415061778,56251.52242008207
893,7293816,16,2452,2455,1535.56306151631,1535.6243631812758,2453,1535.5834955043174,5.959036432380273e+34,False,5964,0.888,4.454,,0.01072768507811216,0.06130166496586753,56368.56306151631,56368.624363181276,56368.58349550432
928,7353813,3,2733,2737,318.47850070409186,318.56023160183395,2734,318.4989335283972,7.2000401215639555e+34,False,5857,0.866,4.516,,0.01095018665280874,0.08173089774209075,55151.47850070409,55151.560231601834,55151.4989335284
930,7353813,4,2562,2565,410.2645195615769,410.32582121350424,2563,410.2849535452842,6.408153567522466e+34,False,5857,0.866,4.516,,0.010984003798104847,0.061301651927351486,55243.26451956158,55243.325821213504,55243.284953545284
932,7353813,5,163,167,446.90287543936574,446.98461281575146,165,446.943744077209,1.7163997787643686e+35,False,5857,0.866,4.516,,0.026101810427986514,0.08173737638571765,55279.902875439366,55279.98461281575,55279.94374407721
933,7353813,6,1440,1445,569.9988941748015,570.1010628779477,1441,570.0193278158986,1.482161914489929e+35,False,5857,0.866,4.516,,0.01803228004850084,0.10216870314616244,55402.9988941748,55403.10106287795,55403.0193278159
935,7353813,9,383,386,816.4239979804697,816.4853008794962,384,816.4444321799456,9.447812596597044e+34,False,5857,0.866,4.516,,0.022149501237185315,0.06130289902648656,55649.42399798047,55649.485300879496,55649.444432179946
939,7353813,12,2570,2574,1157.255646586891,1157.337382404825,2571,1157.276080515876,1.799510090925597e+35,False,5857,0.866,4.516,,0.027366215855345315,0.08173581793380436,55990.25564658689,55990.337382404825,55990.276080515876
940,7353813,13,139,143,1185.6590163217697,1185.740753412305,141,1185.6998847666619,1.0875025660197684e+35,False,5857,0.866,4.516,,0.014613692961216352,0.08173709053517086,56018.65901632177,56018.740753412305,56018.69988476666
944,7353813,13,3408,3411,1255.31996013569,1255.3812634591013,3409,1255.3403946103135,5.936546207017848e+34,False,5857,0.866,4.516,,0.02909317888133883,0.06130332341126632,56088.31996013569,56088.3812634591,56088.34039461031
947,7353813,14,2554,2557,1335.0737036826395,1335.1350040276884,2555,1335.0941370313012,2.158070972853737e+34,False,5857,0.866,4.516,,0.006377149659341397,0.06130034504894866,56168.07370368264,56168.13500402769,56168.0941370313
956,7354508,3,48,53,261.2259418219328,261.3281064621842,49,261.24637475045165,3.8483602917125336e+34,False,5986,1.11,4.356,,0.0018833507012017293,0.10216464025143068,55094.22594182193,55094.328106462184,55094.24637475045
965,7354508,7,1552,1555,662.9901788016505,663.0514770502923,1553,663.0106115179442,1.8461814048892813e+34,False,5986,1.11,4.356,,0.0022071894831390097,0.0612982486418332,55495.99017880165,55496.05147705029,55496.010611517944
971,7354508,9,4085,4088,895.1782165508484,895.2395195197823,4086,895.1986509407288,3.7799671286343897e+34,False,5986,1.11,4.356,,0.003691898959856087,0.061302968933887314,55728.17821655085,55728.23951951978,55728.19865094073
975,7354508,11,3171,3174,1068.7182617348299,1068.779560002884,3172,1068.738694490734,2.919272089808635e+34,False,5986,1.11,4.356,,0.0019492211483392555,0.06129826805408811,55901.71826173483,55901.779560002884,55901.738694490734
984,7354508,16,24,28,1472.6076538113412,1472.689386057893,25,1472.6280868725735,4.5416779949989975e+34,False,5986,1.11,4.356,,0.0020884562366164654,0.0817322465518373,56305.60765381134,56305.68938605789,56305.62808687257
1022,7532880,0,181,188,124.2580181105368,124.4010595378204,183,124.29888708988437,3.587042557398778e+35,False,5808,0.9690000000000001,4.412,,0.026073045732229495,0.14304142728360603,54957.25801811054,54957.40105953782,54957.298887089884
1025,7532880,1,772,778,147.38981916454213,147.51242548099253,773,147.4102534676931,4.19012758569124e+35,False,5808,0.9690000000000001,4.412,,0.04074164780112135,0.12260631645040121,54980.38981916454,54980.51242548099,54980.41025346769
1026,7532880,2,40,46,170.60316461699404,170.72576984845364,42,170.64403302840947,2.7199703707641408e+35,False,5808,0.9690000000000001,4.412,,0.018045383936777324,0.12260523145960178,55003.603164616994,55003.72576984845,55003.64403302841
1028,7532880,2,230,235,174.5060934442663,174.60826415965857,232,174.5469616709379,2.0811726286645486e+35,False,5808,0.9690000000000001,4.412,,0.025827930458374466,0.10217071539227618,55007.506093444266,55007.60826415966,55007.54696167094
1029,7532880,2,2111,2117,215.53736131687765,215.65996300675033,2113,215.5782284480738,2.3740794302187407e+35,False,5808,0.9690000000000001,4.412,,0.028620382186507767,0.12260168987268116,55048.53736131688,55048.65996300675,55048.578228448074
1031,7532880,2,3741,3749,250.76446652453888,250.9279313118168,3743,250.80533264781116,3.473004529025512e+35,False,5808,0.9690000000000001,4.412,,0.032657514777486164,0.1634647872779169,55083.76446652454,55083.92793131182,55083.80533264781
1033,7532880,2,3883,3887,253.68639832666668,253.7681305214137,3884,253.70683130070393,1.841407683744488e+35,False,5808,0.9690000000000001,4.412,,0.012523372749415727,0.0817321947470191,55086.68639832667,55086.768130521414,55086.706831300704
1034,7532880,3,830,833,277.5316233423655,277.59292178658507,831,277.552056157263,7.6476941991108855e+34,False,5808,0.9690000000000001,4.412,,0.013879784028713437,0.06129844421957387,55110.531623342365,55110.592921786585,55110.55205615726
1038,7532880,3,2366,2371,310.91867555220233,311.020838975448,2368,310.9595409815229,1.1943318711724506e+35,False,5808,0.9690000000000001,4.412,,0.014941901306874686,0.1021634232456563,55143.9186755522,55144.02083897545,55143.95954098152
1039,7532880,3,3484,3487,336.05089194326865,336.1121902179293,3485,336.07132480135624,8.592877166538836e+34,False,5808,0.9690000000000001,4.412,,0.010037358688731764,0.061298274660657626,55169.05089194327,55169.11219021793,55169.071324801356
1043,7532880,4,2157,2162,401.8865298940582,401.9886982443495,2158,401.9069636434215,1.0328375100154383e+35,False,5808,0.9690000000000001,4.412,,0.020241013689541495,0.10216835029132199,55234.88652989406,55234.98869824435,55234.90696364342
1044,7532880,4,2355,2359,406.01413367486384,406.09586854063673,2356,406.03456739080866,7.258581448184522e+34,False,5808,0.9690000000000001,4.412,,0.01206991350173129,0.08173486577288713,55239.014133674864,55239.09586854064,55239.03456739081
1047,7532880,5,416,419,452.1337804818759,452.19508344324277,417,452.1542148021399,1.1050316194780723e+35,False,5808,0.9690000000000001,4.412,,0.015552790287072037,0.061302961366891395,55285.133780481876,55285.19508344324,55285.15421480214
1048,7532880,5,783,787,459.6740563799758,459.75579380589625,784,459.69449066123343,1.3710489895244613e+35,False,5808,0.9690000000000001,4.412,,0.01686014033001714,0.08173742592043709,55292.674056379976,55292.755793805896,55292.69449066123
1051,7532880,6,97,103,541.472984215754,541.5955894183426,98,541.4934184166923,2.7383403526947825e+35,False,5808,0.9690000000000001,4.412,,0.0643885072239603,0.12260520258860197,55374.472984215754,55374.59558941834,55374.49341841669
1052,7532880,6,1406,1411,569.2837143858342,569.3858836773434,1407,569.3041481445034,2.5570278172088377e+35,False,5808,0.9690000000000001,4.412,,0.01869838643873439,0.10216929150919896,55402.283714385834,55402.38588367734,55402.3041481445
1053,7532880,6,1666,1671,574.6373766187535,574.739545537268,1667,574.6578104031578,1.4071656008871816e+35,False,5808,0.9690000000000001,4.412,,0.018594438042850294,0.10216891851450782,55407.63737661875,55407.73954553727,55407.65781040316
1056,7532880,6,2363,2366,589.0226907312972,589.0839914607495,2364,589.0431243080093,1.9005628875879458e+35,False,5808,0.9690000000000001,4.412,,0.02205361014946606,0.06130072945234133,55422.0226907313,55422.08399146075,55422.04312430801
1057,7532880,6,2478,2481,591.3929841388308,591.4542847639677,2479,591.4134175808504,7.944261976180461e+34,False,5808,0.9690000000000001,4.412,,0.009544084382798464,0.061300625136937015,55424.39298413883,55424.45428476397,55424.41341758085
1066,7532880,9,1832,1836,847.0752973478811,847.1570351081755,1833,847.0957318128421,2.035550272570154e+35,False,5808,0.9690000000000001,4.412,,0.044532705585891695,0.08173776029434521,55680.07529734788,55680.157035108175,55680.09573181284
1075,7532880,12,386,393,1107.4183010672496,1107.5613324587248,387,1107.4387341224283,1.243552476251011e+35,False,5808,0.9690000000000001,4.412,,0.020566342991200883,0.14303139147523325,55940.41830106725,55940.561332458725,55940.43873412243
1077,7532880,12,1416,1420,1132.5511926112595,1132.6329263559528,1418,1132.592059382965,8.200757317814846e+34,False,5808,0.9690000000000001,4.412,,0.007948225774600493,0.08173374469333794,55965.55119261126,55965.63292635595,55965.592059382965
1080,7532880,13,467,472,1192.4429279225878,1192.54509925405,468,1192.4633622084511,2.9889592413760822e+35,False,5808,0.9690000000000001,4.412,,0.03187575328600186,0.10217133146215929,56025.44292792259,56025.54509925405,56025.46336220845
1082,7532880,13,3283,3290,1252.7449732726964,1252.8880144160503,3285,1252.7858421713172,3.638829914782393e+35,False,5808,0.9690000000000001,4.412,,0.018344056769060944,0.14304114335391205,56085.7449732727,56085.88801441605,56085.78584217132
1084,7532880,13,3859,3864,1264.6378077110203,1264.7399796260652,3861,1264.6786764775024,2.988974731327412e+35,False,5808,0.9690000000000001,4.412,,0.017405779517732988,0.10217191504489165,56097.63780771102,56097.739979626065,56097.6786764775
1085,7532880,13,3991,3998,1267.3964487702542,1267.5394893141856,3993,1267.4373174978537,3.363885210514201e+35,False,5808,0.9690000000000001,4.412,,0.043832390358909366,0.14304054393141996,56100.396448770254,56100.539489314186,56100.437317497854
1087,7532880,13,4038,4045,1268.3568639095247,1268.520338759161,4040,1268.3977327226894,3.7486659315738995e+35,False,5808,0.9690000000000001,4.412,,0.021320456600034843,0.16347484963625902,56101.356863909525,56101.52033875916,56101.39773272269
1088,7532880,14,1018,1021,1302.257152501974,1302.3184546231641,1019,1302.2775865091899,6.210357867011912e+34,False,5808,0.9690000000000001,4.412,,0.013510211943854794,0.06130212119023781,56135.257152501974,56135.318454623164,56135.27758650919
1090,7532880,14,1765,1769,1318.7881797788941,1318.869914917901,1766,1318.8086134639962,7.235204741931442e+34,False,5808,0.9690000000000001,4.412,,0.01123875026655294,0.08173513900692342,56151.788179778894,56151.8699149179,56151.808613463996
1091,7532880,14,2001,2004,1323.6922808293457,1323.7535820751,2002,1323.7127146448329,5.115980203994233e+34,False,5808,0.9690000000000001,4.412,,0.012971696804134205,0.06130124575429363,56156.692280829346,56156.7535820751,56156.71271464483
1094,7532880,14,3738,3741,1360.4111977754874,1360.4724973412522,3739,1360.4316308643101,5.1158337683779285e+34,False,5808,0.9690000000000001,4.412,,0.01788834028881038,0.06129956576478435,56193.41119777549,56193.47249734125,56193.43163086431
1095,7532880,14,3955,3958,1364.865627084655,1364.926926572538,3956,1364.8860603141002,5.630581384872757e+34,False,5808,0.9690000000000001,4.412,,0.007438328329722832,0.061299487882934045,56197.865627084655,56197.92692657254,56197.8860603141
1096,7532880,14,4068,4071,1367.1950026436025,1367.2563019409135,4069,1367.215435743019,6.237401764943483e+34,False,5808,0.9690000000000001,4.412,,0.010521141650457038,0.061299297311052214,56200.1950026436,56200.25630194091,56200.21543574302
1100,7532880,15,2197,2200,1425.6123993327637,1425.6736973340812,2198,1425.6328319999302,5.994821685063892e+34,False,5808,0.9690000000000001,4.412,,0.008926613311280047,0.061298001317481976,56258.612399332764,56258.67369733408,56258.63283199993
1101,7532880,15,2843,2846,1439.751813820294,1439.8131119971513,2844,1439.7722465125044,5.876202553931773e+34,False,5808,0.9690000000000001,4.412,,0.011298382280425043,0.061298176857235376,56272.751813820294,56272.81311199715,56272.772246512504
1102,7532880,15,2885,2888,1440.6099871615224,1440.6712852485362,2886,1440.6304199571023,8.069135254733536e+34,False,5808,0.9690000000000001,4.412,,0.010277651239530686,0.061298087013710756,56273.60998716152,56273.671285248536,56273.6304199571
1103,7532880,15,3646,3650,1456.3432002737172,1456.4249314513436,3648,1456.3840658621775,8.138467235788921e+34,False,5808,0.9690000000000001,4.412,,0.026106885211161588,0.08173117762635229,56289.34320027372,56289.42493145134,56289.38406586218
1105,7532880,15,4144,4148,1466.580056538056,1466.661788012243,4146,1466.6209222247126,1.0212829170521348e+35,False,5808,0.9690000000000001,4.412,,0.0071904417546404245,0.08173147418710869,56299.580056538056,56299.66178801224,56299.62092222471
1107,7532880,16,301,304,1489.6898248588695,1489.7511244510533,302,1489.7102580559513,7.84471553560365e+34,False,5808,0.9690000000000001,4.412,,0.010135148144248516,0.061299592183786444,56322.68982485887,56322.75112445105,56322.71025805595
1110,7532880,16,1894,1899,1522.8329036875075,1522.935072419641,1895,1522.8533374132312,1.2045011041304623e+35,False,5808,0.9690000000000001,4.412,,0.009863406090591059,0.10216873213357758,56355.83290368751,56355.93507241964,56355.85333741323
1111,7532880,16,2435,2440,1535.2158031270665,1535.3179727128736,2437,1535.2566710604806,1.0616171088072592e+35,False,5808,0.9690000000000001,4.412,,0.021522219428868554,0.10216958580713253,56368.21580312707,56368.31797271287,56368.25667106048
1115,7532880,17,372,375,1567.011292900701,1567.0725958208568,373,1567.0317272072207,5.797918706884118e+34,False,5808,0.9690000000000001,4.412,,0.009725563939214083,0.06130292015586747,56400.0112929007,56400.07259582086,56400.03172720722
1129,7612227,6,1842,1845,578.2541425072486,578.3154437035264,1843,578.2745761397309,3.83617425809676e+34,False,5761,0.828,4.561,,0.00838942905559146,0.061301196277781855,55411.25414250725,55411.31544370353,55411.27457613973
1136,7612227,8,234,237,740.1855622623843,740.2468616388578,235,740.2059954876459,3.1340379200330123e+34,False,5761,0.828,4.561,,0.005539534927790103,0.06129937647347106,55573.185562262384,55573.24686163886,55573.205995487646
1137,7612227,8,2012,2016,779.6220773147288,779.7038123019302,2013,779.6425110610653,4.142736465243971e+34,False,5761,0.828,4.561,,0.007966138760116356,0.08173498720134376,55612.62207731473,55612.70381230193,55612.642511061065
1138,7612227,8,3072,3075,801.6498406487226,801.7315770277855,3073,801.6702748181124,4.1428057415257433e+34,False,5761,0.828,4.561,,0.008847558370399387,0.08173637906293152,55634.64984064872,55634.731577027786,55634.67027481811
1153,7679876,2,2272,2275,218.90882977206638,218.97013010943192,2273,218.92926318475656,1.841052922717106e+34,False,5575,0.834,4.558,,0.003479547707501236,0.061300337365537416,55051.90882977207,55051.97013010943,55051.92926318476
1192,7761519,2,2135,2138,216.0482087612836,216.10950968934048,2136,216.06864230412612,1.580941563027225e+34,False,5383,0.9390000000000001,4.452,,0.003924240782865341,0.061300928056880366,55049.04820876128,55049.10950968934,55049.068642304126
1230,7763435,5,3994,3997,528.0066946810766,528.0679977511754,3995,528.0271290380042,2.9181541335504945e+34,False,5463,0.717,4.619,,0.004725657370187642,0.06130307009880198,55361.00669468108,55361.067997751175,55361.027129038004
1232,7763435,6,454,458,548.8292164174782,548.9109530566129,455,548.8496505776711,4.940470333944558e+34,False,5463,0.717,4.619,,0.02338778084725494,0.08173663913476048,55381.82921641748,55381.91095305661,55381.84965057767
1233,7763435,6,3896,3899,621.5526502278517,621.6139497955883,3897,621.5730834840724,3.705176761511223e+34,False,5463,0.717,4.619,,0.006162047151195439,0.06129956773656886,55454.55265022785,55454.61394979559,55454.57308348407
1243,7763435,11,253,256,1006.5008958261169,1006.5621948021217,254,1006.5213289184321,1.327597395359479e+34,False,5463,0.717,4.619,,0.004446455003422202,0.06129897600476397,55839.50089582612,55839.56219480212,55839.52132891843
1254,7763435,15,315,320,1379.986173748097,1380.088338737718,316,1380.0066067266744,5.893772295447062e+34,False,5463,0.717,4.619,,0.02597531079244906,0.10216498962108744,56212.9861737481,56213.08833873772,56213.006606726674
1258,7763435,16,3410,3413,1555.4249738355502,1555.4862762835255,3411,1555.4454078845665,1.8465577221411262e+34,False,5463,0.717,4.619,,0.00736306293636446,0.06130244797532214,56388.42497383555,56388.486276283526,56388.44540788457
1269,7772296,5,4332,4335,534.995135842044,535.0564388839703,4333,535.0155701894328,2.705369870037074e+34,False,5636,1.119,4.266,,0.0039853866612930226,0.0613030419262941,55367.995135842044,55368.05643888397,55368.01557018943
1270,7772296,6,2721,2724,596.4197345282955,596.4810352372588,2722,596.4401680982555,3.3108087967569356e+34,False,5636,1.119,4.266,,0.004454847077284241,0.06130070896324469,55429.419734528296,55429.48103523726,55429.440168098256
1295,7772296,14,2723,2726,1339.4466925708766,1339.507993335952,2724,1339.467126159463,3.6762558231059705e+34,False,5636,1.119,4.266,,0.0028804920744531933,0.06130076507542981,56172.44669257088,56172.50799333595,56172.46712615946
1321,7840145,10,1402,1409,935.8827751298595,936.0258133147436,1403,935.9032091570989,7.533377470722371e+34,False,5778,1.452,4.087,,0.0007080953623478551,0.1430381848840625,55768.88277512986,55769.02581331474,55768.9032091571
1382,7872305,2,520,527,180.51385752293572,180.65689447754994,522,180.55472512538108,1.7159471107710665e+35,False,5421,1.9,3.88,,0.00104380225729428,0.1430369546142174,55013.513857522936,55013.65689447755,55013.55472512538
1384,7872305,2,1273,1276,198.22990475655388,198.29120561988384,1274,198.25033837797673,7.404075270230634e+34,False,5421,1.9,3.88,,0.002606080800745105,0.06130086332996143,55031.229904756554,55031.291205619884,55031.25033837798
1388,7872305,2,3913,3918,254.2987741942634,254.40093903696106,3915,254.33964009180636,9.94797785510101e+34,False,5421,1.9,3.88,,0.0064122623037694585,0.10216484269767534,55087.29877419426,55087.40093903696,55087.339640091806
1391,7872305,3,961,964,280.2280390159867,280.2893372591643,962,280.2484717971238,4.534799507879752e+34,False,5421,1.9,3.88,,0.004922818954320156,0.06129824317758903,55113.22803901599,55113.289337259164,55113.248471797124
1396,7872305,4,1005,1008,373.1775725996922,373.2388729581289,1006,373.1980059521957,5.521411166823898e+34,False,5421,1.9,3.88,,0.008831474102353748,0.06130035843671067,55206.17757259969,55206.23887295813,55206.198005952196
1398,7872305,4,1372,1375,380.77883759699034,380.84013829815376,1373,380.79927126369876,7.130919031578416e+34,False,5421,1.9,3.88,,0.001498974487262472,0.061300701163418125,55213.77883759699,55213.840138298154,55213.7992712637
1399,7872305,4,1507,1510,384.4773180962875,384.5386189645069,1508,384.49775171864167,1.8532581768400082e+34,False,5421,1.9,3.88,,0.0011268196052591974,0.06130086821940495,55217.47731809629,55217.53861896451,55217.49775171864
1400,7872305,4,3184,3187,423.1791175523613,423.24041998089524,3185,423.1995516949755,7.131125100892261e+34,False,5421,1.9,3.88,,0.0016562168968558206,0.06130242853396339,55256.17911755236,55256.240419980895,55256.199551694976
1402,7872305,5,465,468,453.13578523119213,453.1970883574759,466,453.15621950651985,9.337184667314754e+34,False,5421,1.9,3.88,,0.002373729503459973,0.06130312628374668,55286.13578523119,55286.197088357476,55286.15621950652
1403,7872305,5,1023,1026,464.68121907251043,464.7425223086175,1024,464.70165348450246,2.9659415438591053e+34,False,5421,1.9,3.88,,0.0026569961833631268,0.06130323610705091,55297.68121907251,55297.74252230862,55297.7016534845
1405,7872305,5,1291,1294,470.2393802131992,470.3006834695043,1292,470.2598146319433,4.173627770889937e+34,False,5421,1.9,3.88,,0.0024000771786625327,0.061303256305109244,55303.2393802132,55303.300683469504,55303.25981463194
1409,7872305,5,2526,2532,497.0084444164677,497.1310505530564,2528,497.04931312904955,1.5783642361406033e+35,False,5421,1.9,3.88,,0.01017919911079017,0.12260613658872899,55330.00844441647,55330.13105055306,55330.04931312905
1412,7872305,6,676,684,553.4066261998378,553.5700967698212,678,553.4474939438514,8.266741735518259e+34,False,5421,1.9,3.88,,0.002413779738106449,0.16347056998347398,55386.40662619984,55386.57009676982,55386.44749394385
1413,7872305,6,2150,2153,584.6087692785368,584.6700694234678,2151,584.6292026936717,3.1028760644917896e+34,False,5421,1.9,3.88,,0.0011125807409714703,0.061300144931010436,55417.60876927854,55417.67006942347,55417.62920269367
1414,7872305,6,2490,2494,591.6582830746702,591.7400164715218,2491,591.678716399234,4.1332756357445365e+34,False,5421,1.9,3.88,,0.0025201392728925456,0.08173339685163228,55424.65828307467,55424.74001647152,55424.678716399234
1415,7872305,6,2561,2564,593.1090487768452,593.1703486946499,2562,593.1294821830161,3.1330325587251395e+34,False,5421,1.9,3.88,,0.0012394896481667161,0.06129991780471755,55426.109048776845,55426.17034869465,55426.129482183016
1418,7872305,7,3840,3843,711.5790433023503,711.6403423370284,3841,711.599476413634,2.452205371604817e+34,False,5421,1.9,3.88,,0.0018815603830694908,0.06129903467808617,55544.57904330235,55544.64034233703,55544.599476413634
1420,7872305,8,1216,1221,760.4964286762406,760.5985970203692,1217,760.5168623644859,4.0806018519638026e+34,False,5421,1.9,3.88,,0.0016498688847066795,0.10216834412858589,55593.49642867624,55593.59859702037,55593.516862364486
1422,7872305,9,149,152,811.6019266061339,811.6632294932278,150,811.6223609017179,4.230779467821657e+34,False,5421,1.9,3.88,,0.004032061279855385,0.06130288709391607,55644.601926606134,55644.66322949323,55644.62236090172
1423,7872305,9,168,171,811.9901783474488,812.051481243092,169,812.0106127458203,4.214954520443078e+34,False,5421,1.9,3.88,,0.0013754052507279943,0.061302895643166266,55644.99017834745,55645.05148124309,55645.01061274582
1426,7872305,9,4287,4291,899.3265667804735,899.4083033594216,4288,899.3470009003868,5.200141186489466e+34,False,5421,1.9,3.88,,0.002015526764095684,0.0817365789480391,55732.32656678047,55732.40830335942,55732.34700090039
1428,7872305,10,1079,1085,929.1601203632745,929.2827230010007,1081,929.200987910197,1.327202211729302e+35,False,5421,1.9,3.88,,0.006886995372353041,0.12260263772623148,55762.160120363274,55762.282723001,55762.2009879102
1432,7872305,10,4312,4315,997.5913862651214,997.6526851114395,4313,997.6118192141294,5.29780671061582e+34,False,5421,1.9,3.88,,0.003404669404536034,0.06129884631809546,55830.59138626512,55830.65268511144,55830.61181921413
1436,7872305,11,1520,1524,1033.696153882025,1033.777884916104,1521,1033.7165866405703,4.812016240565e+34,False,5421,1.9,3.88,,0.00296786325136908,0.08173103407898452,55866.696153882025,55866.777884916104,55866.71658664057
1438,7872305,11,3129,3132,1067.8597829096325,1067.9210815078695,3130,1067.88021567557,3.6826998730426703e+34,False,5421,1.9,3.88,,0.0014711936651347643,0.061298598237044644,55900.85978290963,55900.92108150787,55900.88021567557
1444,7872305,12,2525,2528,1156.3159646426793,1156.3772666934456,2526,1156.3363986593322,4.595395537053125e+34,False,5421,1.9,3.88,,0.00257292372460481,0.061302050766244065,55989.31596464268,55989.377266693446,55989.33639865933
1445,7872305,12,2771,2774,1165.8995481596285,1165.9812846791974,2772,1165.919982289197,4.8740926820954915e+34,False,5421,1.9,3.88,,0.0025631701677063822,0.081736519568949,55998.89954815963,55998.9812846792,55998.9199822892
1449,7872305,13,2804,2807,1241.956194658822,1242.0174977126226,2805,1241.9766289102845,2.6574728861578813e+34,False,5421,1.9,3.88,,0.0020155771881986187,0.061303053800656926,56074.95619465882,56075.01749771262,56074.976628910284
1452,7872305,14,102,110,1276.2856806353448,1276.4491531981184,103,1276.3061147063636,5.980542888089961e+34,False,5421,1.9,3.88,,0.0014685875855812627,0.16347256277367705,56109.285680635345,56109.44915319812,56109.30611470636
1453,7872305,14,187,195,1278.022576373216,1278.186048886746,188,1278.0430104256084,6.094944641653861e+34,False,5421,1.9,3.88,,0.0019633858616990405,0.16347251352999592,56111.022576373216,56111.186048886746,56111.04301042561
1454,7872305,14,2044,2047,1324.5707162172766,1324.6320166298392,2045,1324.5911496885165,1.877303994262736e+34,False,5421,1.9,3.88,,0.0011093551459323513,0.06130041256255936,56157.57071621728,56157.63201662984,56157.59114968852
1458,7872305,15,1898,1901,1419.4614929838353,1419.5227913801791,1899,1419.481925749249,4.668745255250587e+34,False,5421,1.9,3.88,,0.0018960968910933524,0.061298396343772765,56252.461492983835,56252.52279138018,56252.48192574925
1464,7872305,16,920,926,1502.644699751414,1502.767301673768,922,1502.6855670575824,8.581112744409193e+34,False,5421,1.9,3.88,,0.0011709689447675193,0.12260192235407885,56335.644699751414,56335.76730167377,56335.68556705758
1465,7872305,16,1142,1146,1507.2422805146562,1507.3240155006933,1143,1507.2627142357305,6.103718727861639e+34,False,5421,1.9,3.88,,0.003932885756183841,0.08173498603719054,56340.242280514656,56340.32401550069,56340.26271423573
1528,7954521,4,3222,3225,423.9552665372976,424.01656864673714,3223,423.9757006735017,6.616082009446311e+33,False,5266,0.635,4.667,,0.004585828159633572,0.061302109439566266,55256.9552665373,55257.01656864674,55256.9757006735
1579,8042739,6,2252,2255,586.6932593750607,586.7545603488688,2253,586.7136930665656,2.751104650364194e+34,False,5734,0.883,4.538,,0.005866594383650762,0.061300973808101844,55419.69325937506,55419.75456034887,55419.713693066566
1607,8084770,12,200,203,1103.5563865778968,1103.6176861204876,201,1103.5768198584483,3.831598935161512e+34,False,5161,1.629,3.982,,0.004126008590980709,0.061299542590859346,55936.5563865779,55936.61768612049,55936.57681985845
1613,8084770,15,65,68,1374.8569153782882,1374.9182143206417,66,1374.877348325892,3.1543565049256694e+34,False,5161,1.629,3.982,,0.0031499129901022974,0.061298942353460006,56207.85691537829,56207.91821432064,56207.87734832589
1621,8086085,3,1689,1693,296.9831948208521,297.06492569085094,1690,297.0036275633902,1.1477710873919865e+34,False,5115,0.78,4.565,,0.004689182680945605,0.08173086999886436,55129.98319482085,55130.06492569085,55130.00362756339
1624,8086085,7,1375,1380,658.5561345986353,658.6582985397035,1376,658.5765673669666,1.7583148876764762e+34,False,5115,0.78,4.565,,0.006028160999867486,0.10216394106828375,55491.556134598635,55491.6582985397,55491.57656736697
1625,8086085,7,1392,1395,658.9034917505705,658.9647900515993,1393,658.9239245176141,1.0660594341581013e+34,False,5115,0.78,4.565,,0.004154565239818317,0.06129830102872802,55491.90349175057,55491.9647900516,55491.923924517614
1631,8086085,9,3285,3288,877.706897317039,877.7682003810842,3286,877.7273317718791,9.063909897391502e+33,False,5115,0.78,4.565,,0.0035901279048271054,0.06130306404520525,55710.70689731704,55710.768200381084,55710.72733177188
1632,8086085,9,4227,4230,898.1003200089908,898.1616226294936,4228,898.1207542159827,9.063854158297723e+33,False,5115,0.78,4.565,,0.003152359877123283,0.061302620502829086,55731.10032000899,55731.161622629494,55731.12075421598
1639,8086085,13,105,109,1184.9031012677442,1184.984838284996,106,1184.923535521768,2.2453151203425426e+34,False,5115,0.78,4.565,,0.0032149676414114656,0.08173701725172577,56017.903101267744,56017.984838284996,56017.92353552177
1658,8086144,5,2045,2048,487.0770380653412,487.13834133485943,2046,487.0974724885091,3.0312951105107464e+34,False,5918,1.491,3.992,,0.001294441526565149,0.06130326951824827,55320.07703806534,55320.13834133486,55320.09747248851
1670,8086144,8,1599,1602,771.10146349774,771.1627648372087,1600,771.1218972439601,2.2363478566657457e+34,False,5918,1.491,3.992,,0.0014125761913635288,0.0613013394686277,55604.10146349774,55604.16276483721,55604.12189724396
1738,8092433,9,1956,1959,849.6298174593612,849.6911206741061,1957,849.6502517975532,2.093797271500574e+34,False,5557,0.853,4.534,,0.005985803230223258,0.06130321474483935,55682.62981745936,55682.691120674106,55682.65025179755
1746,8092433,13,2318,2321,1231.7793841370221,1231.8406874664943,2319,1231.7998185802207,3.6173534002936257e+34,False,5557,0.853,4.534,,0.01431763873434735,0.06130332947213901,56064.77938413702,56064.840687466494,56064.79981858022
1749,8092433,14,2318,2321,1330.2104849055322,1330.2717855688607,2319,1330.2309184603655,5.124587624308559e+34,False,5557,0.853,4.534,,0.009273010701877643,0.06130066332843853,56163.21048490553,56163.27178556886,56163.230918460366
1754,8092433,15,3155,3159,1446.2084385700873,1446.290169762171,3157,1446.2493041658818,5.295971776043771e+34,False,5557,0.853,4.534,,0.012236361584921071,0.08173119208368007,56279.20843857009,56279.29016976217,56279.24930416588
1772,8092454,9,1663,1666,842.9068869415714,842.968190205138,1664,842.9273213626948,2.9555964652375515e+34,False,5161,1.629,3.982,,0.002812660759375688,0.06130326356651494,55675.90688694157,55675.96819020514,55675.927321362695
1793,8143238,7,480,483,640.0844261235106,640.1457247450307,481,640.1048589641287,7.399318068818655e+34,False,5970,0.854,4.55,,0.005303024823850511,0.06129862152010901,55473.08442612351,55473.14572474503,55473.10485896413
1803,8143238,16,2644,2647,1539.5076336941856,1539.568936194606,2645,1539.5280678607814,3.0409096422081747e+34,False,5970,0.854,4.55,,0.005858481668845019,0.06130250042042462,56372.507633694186,56372.568936194606,56372.52806786078
1872,8277175,11,2754,2757,1059.2574442106707,1059.3187429020982,2755,1059.2778771743542,1.7789775805862292e+34,False,5215,0.825,4.501,,0.007839827191573853,0.061298691427509766,55892.25744421067,55892.3187429021,55892.277877174354
1881,8285970,3,239,243,265.1896439176053,265.2713754217766,240,265.2100767188822,2.64928399117012e+34,False,5638,0.9329999999999999,4.437,,0.004887656255541991,0.08173150417133002,55098.189643917605,55098.27137542178,55098.21007671888
1882,8285970,3,2603,2606,315.80166698262474,315.86296535214933,2604,315.8220997723838,1.9604075425916664e+34,False,5638,0.9329999999999999,4.437,,0.0035885252602044547,0.061298369524593,55148.801666982625,55148.86296535215,55148.822099772384
1886,8285970,5,3996,4000,528.0479283814202,528.1296650231161,3997,528.0683625420788,6.952969984350091e+34,False,5638,0.9329999999999999,4.437,,0.010526603677059687,0.08173664169589756,55361.04792838142,55361.129665023116,55361.06836254208
1890,8285970,7,2034,2037,672.9406945822702,673.00199285891,2035,672.961127341172,4.490246543486031e+34,False,5638,0.9329999999999999,4.437,,0.004145328735016338,0.0612982766397181,55505.94069458227,55506.00199285891,55505.96112734117
1893,8285970,8,2695,2700,793.8853559563722,793.9875263151771,2696,793.9057900276166,3.865980296626708e+34,False,5638,0.9329999999999999,4.437,,0.0063058367659666265,0.10217035880486947,55626.88535595637,55626.98752631518,55626.90579002762
1895,8285970,9,1631,1638,842.253299728327,842.3963405679242,1633,842.2941685394544,5.149709383611683e+34,False,5638,0.9329999999999999,4.437,,0.005671246952326897,0.14304083959723357,55675.25329972833,55675.396340567924,55675.294168539454
1897,8285970,9,1860,1864,847.6479851001495,847.7297227456365,1862,847.6888539228676,2.8903693003338375e+34,False,5638,0.9329999999999999,4.437,,0.004634711540642559,0.08173764548701001,55680.64798510015,55680.72972274564,55680.68885392287
1899,8285970,11,3713,3721,1082.4490195801409,1082.6124832066416,3714,1082.4694525327577,6.540441836926114e+34,False,5638,0.9329999999999999,4.437,,0.005846072378070313,0.16346362650074298,55915.44901958014,55915.61248320664,55915.46945253276
1903,8285970,13,3179,3183,1250.6201670775772,1250.7019043799228,3180,1250.6406014033055,5.910781010690681e+34,False,5638,0.9329999999999999,4.437,,0.00422027191640048,0.08173730234557297,56083.62016707758,56083.70190437992,56083.640601403305
1904,8285970,13,4064,4067,1269.3992569135153,1269.4605594706882,4065,1269.4196911995532,2.6783438055049365e+34,False,5638,0.9329999999999999,4.437,,0.0040461810263204235,0.06130255717289401,56102.399256913515,56102.46055947069,56102.41969119955
1908,8285970,15,2496,2501,1431.7622169359238,1431.86438079871,2497,1431.7826496283233,1.0665300566096753e+35,False,5638,0.9329999999999999,4.437,,0.004684429978396782,0.10216386278625578,56264.762216935924,56264.86438079871,56264.78264962832
1909,8285970,16,2033,2037,1526.8791706365155,1526.9609063453754,2034,1526.899604463295,2.6464616777050725e+34,False,5638,0.9329999999999999,4.437,,0.004074457291921557,0.08173570885992376,56359.879170636515,56359.960906345375,56359.899604463295
1911,8285970,17,1094,1097,1587.0988226740737,1587.1601258909723,1095,1587.1192571797292,1.1443175302929623e+34,False,5638,0.9329999999999999,4.437,,0.0027430061624609922,0.061303216898522805,56420.098822674074,56420.16012589097,56420.11925717973
1942,8355911,15,2849,2852,1439.8741826002442,1439.9354809191063,2850,1439.8946154064179,1.297256011013272e+34,False,5125,0.795,4.513,,0.0051723472449455195,0.06129831886210013,56272.874182600244,56272.935480919106,56272.89461540642
1946,8359398,2,2289,2293,219.2560736788946,219.33780774676416,2290,219.27650727133005,1.9011480950028559e+34,False,5272,0.692,4.632,,0.01366815265885938,0.08173406786954729,55052.256073678895,55052.337807746764,55052.27650727133
1952,8359398,4,872,877,370.43960282340413,370.5417689772876,873,370.4600360735785,2.384684315488927e+34,False,5272,0.692,4.632,,0.012179736972797185,0.10216615388344508,55203.439602823404,55203.54176897729,55203.46003607358
1954,8359398,4,3504,3509,429.75859514779586,429.8607656368695,3505,429.7790291451238,2.3847872405607533e+34,False,5272,0.692,4.632,,0.007040291846491528,0.10217048907361459,55262.758595147796,55262.86076563687,55262.779029145124
1958,8359398,5,3947,3956,527.0260465292449,527.2099546901736,3949,527.0669149107416,1.7194815329889298e+34,False,5272,0.692,4.632,,0.003289875945888214,0.183908160928695,55360.026046529245,55360.20995469017,55360.06691491074
1962,8359398,6,816,820,556.2876598841467,556.3693956254792,817,556.3080938198837,8.014829871071794e+33,False,5272,0.692,4.632,,0.004379322281946693,0.0817357413325226,55389.28765988415,55389.36939562548,55389.308093819884
1970,8359398,8,687,692,749.5440627479547,749.6462294485318,689,749.58492936728,2.8850920532778203e+34,False,5272,0.692,4.632,,0.0066385214600598735,0.10216670057707233,55582.544062747955,55582.64622944853,55582.58492936728
1974,8359398,9,1251,1255,834.4266448571288,834.5288167300823,1252,834.4470791315107,1.0909545262966622e+34,False,5272,0.692,4.632,,0.0029194901148661616,0.10217187295347685,55667.42664485713,55667.52881673008,55667.44707913151
1981,8359398,10,3270,3273,976.1164580714831,976.1777579892878,3271,976.136891477654,4.830219911190433e+33,False,5272,0.692,4.632,,0.0036898810678065055,0.06129991780471755,55809.11645807148,55809.17775798929,55809.136891477654
1998,8359398,14,2545,2549,1334.8897115167638,1334.9714454569257,2546,1334.9101450022135,5.973739355324821e+33,False,5272,0.692,4.632,,0.005196079146663265,0.08173394016193924,56167.889711516764,56167.971445456926,56167.91014500221
2029,8416788,5,3798,3801,523.9610897664388,524.0223923224476,3799,523.981523952003,1.8447843457023362e+34,False,5884,1.126,4.319,,0.0020884863528678145,0.061302556008740794,55356.96108976644,55357.02239232245,55356.981523952
2035,8416788,7,2733,2736,687.3253550254522,687.3866535379857,2734,687.3457879295311,2.8148651324480454e+34,False,5884,1.126,4.319,,0.00249953523371592,0.061298512533539906,55520.32535502545,55520.386653537986,55520.34578792953
2036,8416788,8,1418,1422,767.362177190189,767.443912087052,1419,767.382611014058,5.288171427699798e+34,False,5884,1.126,4.319,,0.004666787809079109,0.08173489686305402,55600.36217719019,55600.44391208705,55600.38261101406
2041,8416788,10,1532,1535,939.3768903527889,939.4381915491831,1533,939.3973240519699,3.019596741622301e+34,False,5884,1.126,4.319,,0.005425962900534347,0.06130119639419718,55772.37689035279,55772.43819154918,55772.39732405197
2045,8416788,11,3281,3285,1073.560695352142,1073.642427008439,3282,1073.581128340993,3.5432766608838453e+34,False,5884,1.126,4.319,,0.0051000356353635805,0.08173165629705181,55906.56069535214,55906.64242700844,55906.58112834099
2053,8416788,14,2452,2455,1332.968829270656,1333.0301295411991,2453,1332.9892627944064,2.253167225598344e+34,False,5884,1.126,4.319,,0.004545403858792935,0.06130027054314269,56165.968829270656,56166.0301295412,56165.98926279441
